"LMG14-01 cruise event log, retrieved on 20161122 from http://oceaninformatics.ucsd.edu/datazoo/data/pallter/datasets?action=view&id=45",,,,,,,,,,,,,
studyName,Event Number,Event Group,Cast Number,Activity,Datetime GMT,Grid Station,Station Name,Calculated Grid Line,Calculated Grid Station,Latitude (å¼),Longitude (å¼),Comments,Data Notes
LMG14-01,1,,,Other,1/1/14 9:13,,,1455.3607,1105.5364,-52.80132,-67.93522,Start data logging at 68W,
LMG14-01,2,,,Mooring Event,1/7/14 11:02,,Palmer Station,624.0592,39.3099,-64.77468,-64.0554,,
LMG14-01,3,,,2m Net Tow,1/7/14 11:52,,Station E,620.2428,36.0016,-64.82,-64.05546,,
LMG14-01,4,,,2m Net Tow,1/7/14 13:55,600.04,,599.9338,40.1349,-64.93291,-64.40306,,
LMG14-01,5,,,AC-9,1/7/14 16:18,600.04,,599.98,40.0729,-64.93296,-64.40143,,
LMG14-01,6,,,PRR,1/7/14 16:34,600.04,,600.005,40.003,-64.93321,-64.39997,,
LMG14-01,7,,,PRR,1/7/14 16:51,600.04,,600.0221,39.9834,-64.93321,-64.39942,,
LMG14-01,8,,,CTD,1/7/14 17:07,600.04,,599.9407,40.0575,-64.93332,-64.40174,CTD Cast 001,
LMG14-01,9,,,2m Net Tow,1/7/14 18:35,600.04,,599.9458,40.0715,-64.9332,-64.40189,,
LMG14-01,10,,,1m Net Tow,1/7/14 19:10,600.04,,598.9136,39.1154,-64.94582,-64.40109,,
LMG14-01,11,,,CTD,1/7/14 20:10,600.04,,597.7299,38.1249,-64.95966,-64.40186,CTD Cast 002 water for Filipa,
LMG14-01,12,,,2m Net Tow,1/7/14 22:09,600.04,,599.9395,39.8899,-64.93432,-64.39909,,
LMG14-01,13,,,2m Net Tow,1/7/14 22:46,600.04,,599.3317,38.7533,-64.94514,-64.38949,,
LMG14-01,14,,,Whaling event,1/8/14 0:09,600.04,,592.3761,38.9286,-64.99099,-64.48952,,
LMG14-01,15,,,AC-9,1/8/14 8:00,616.04,,616.1408,39.9011,-64.82482,-64.17415,,
LMG14-01,16,,,CTD,1/8/14 8:25,616.04,,616.1338,39.9076,-64.82483,-64.17435,CTD Cast 003,
LMG14-01,17,,,2m Net Tow,1/8/14 9:27,616.04,,615.96,39.555,-64.82808,-64.17115,,
LMG14-01,18,,,1m Net Tow,1/8/14 10:04,616.04,,614.8027,38.113,-64.84441,-64.16425,,
LMG14-01,19,,,Birder Event,1/8/14 10:35,616.04,,614.0136,37.058,-64.85596,-64.1584,,
LMG14-01,20,,,CTD,1/8/14 10:38,616.04,,614.0003,37.0176,-64.85629,-64.15795,CTD Cast 004 Water for Filipa,
LMG14-01,21,,,Whaling event,1/8/14 11:49,616.04,,615.0164,38.3446,-64.8416,-64.16498,,
LMG14-01,22,,,Birder Event,1/8/14 12:00,616.04,,616.4166,40.3237,-64.82046,-64.17704,,
LMG14-01,23,,,Birder Event,1/8/14 12:54,600.04,,600.0114,39.0364,-64.93888,-64.38451,,
LMG14-01,24,,,Birder Event,1/8/14 13:21,600.03,,601.4566,30.475,-64.97971,-64.22794,,
LMG14-01,25,,,Birder Event,1/8/14 14:00,615.03,,614.9528,31.0264,-64.88511,-64.04934,,
LMG14-01,26,,,Mocness,1/8/14 15:08,616.04,,616.0307,39.8296,-64.82598,-64.17453,,
LMG14-01,27,,,Mocness,1/8/14 16:21,616.04,,613.9684,37.8945,-64.85134,-64.17233,,
LMG14-01,28,,,Birder Event,1/8/14 18:11,600.02,,608.854,38.9445,-64.87973,-64.25997,,
LMG14-01,29,,,Whaling event,1/8/14 18:19,,,607.1742,37.0969,-64.90198,-64.25392,,
LMG14-01,30,,,Birder Event,1/8/14 18:43,,,601.9816,32.581,-64.96373,-64.25423,,
LMG14-01,31,,,AC-9,1/8/14 21:02,610.04,,609.8388,39.9139,-64.86735,-64.2617,,
LMG14-01,32,,,CTD,1/8/14 21:18,610.04,,609.8668,39.9411,-64.867,-64.26174,CTD Cast 005,
LMG14-01,33,,,2m Net Tow,1/8/14 22:19,610.04,,609.4295,39.8498,-64.87049,-64.26636,,
LMG14-01,34,,,1m Net Tow,1/8/14 22:54,610.04,,608.3612,39.936,-64.8772,-64.28257,,
LMG14-01,35,,,2m Net Tow,1/8/14 23:31,610.04,,610.4354,39.7852,-64.86408,-64.25137,,
LMG14-01,36,,,2m Net Tow,1/8/14 23:31,610.04,,610.4354,39.7852,-64.86408,-64.25137,,
LMG14-01,37,,,2m Net Tow,1/9/14 0:33,610.04,,606.9127,40.1318,-64.88583,-64.30581,,
LMG14-01,38,,,2m Net Tow,1/9/14 1:40,610.04,,609.5755,39.8143,-64.86972,-64.26377,,
LMG14-01,39,,,CTD,1/9/14 2:39,610.04,,607.7411,39.8029,-64.88218,-64.28907,CTD Cast 006,
LMG14-01,40,,,2m Net Tow,1/9/14 3:52,610.04,,607.6128,39.7925,-64.88311,-64.29069,,
LMG14-01,41,,,2m Net Tow,1/9/14 4:36,610.04,,605.4486,39.9199,-64.89697,-64.32281,,
LMG14-01,42,,,Mocness,1/9/14 6:41,600.03,,600.3154,31.2403,-64.9829,-64.25606,,
LMG14-01,43,,,AC-9,1/9/14 8:06,600.03,,600.2118,30.0867,-64.99041,-64.23909,,
LMG14-01,44,,,Birder Event,1/9/14 8:21,600.03,,600.2256,30.143,-64.98999,-64.2398,,
LMG14-01,45,,,CTD,1/9/14 8:31,600.03,,600.2426,30.1454,-64.98986,-64.2396,CTD Cast 007,
LMG14-01,46,,,2m Net Tow,1/9/14 9:32,600.03,,600.006,30.4404,-64.98971,-64.24761,,
LMG14-01,47,,,1m Net Tow,1/9/14 10:10,600.03,,599.568,32.0875,-64.98295,-64.28,,
LMG14-01,48,,,Whaling event,1/9/14 11:27,,,599.8065,37.4793,-64.94948,-64.3626,,
LMG14-01,49,,,Birder Event,1/9/14 11:31,600.04,,599.8442,38.3586,-64.94402,-64.37606,,
LMG14-01,50,,,Birder Event,1/9/14 12:31,600.06,,599.9721,59.5877,-64.8172,-64.71046,,
LMG14-01,51,,,Underway Sampling,1/9/14 12:33,600.06,,600.0038,60.2673,-64.81295,-64.72072,,
LMG14-01,52,,,Underway Sampling,1/9/14 13:29,600.08,,600.0829,79.8804,-64.69536,-65.02732,,
LMG14-01,53,,,Birder Event,1/9/14 13:29,600.08,,600.0812,80.0783,-64.69419,-65.03044,,
LMG14-01,54,,,Birder Event,1/9/14 14:28,600.1,,600.0864,99.9865,-64.5747,-65.33996,CTD Cast 009,
LMG14-01,55,,,AC-9,1/9/14 14:30,600.1,,600.1259,100.0085,-64.5743,-65.33975,,
LMG14-01,56,,,PRR,1/9/14 14:53,600.1,,600.3338,99.997,-64.57299,-65.33666,,
LMG14-01,57,,,CTD,1/9/14 15:09,600.1,,600.0841,99.972,-64.5748,-65.33977,,
LMG14-01,58,,,2m Net Tow,1/9/14 15:57,600.1,,600.1216,99.9737,-64.57454,-65.33927,,
LMG14-01,59,,,1m Net Tow,1/9/14 16:31,600.1,,600.4928,98.6231,-64.58019,-65.31316,,
LMG14-01,60,,,Birder Event,1/9/14 17:15,,,600.0374,102.4217,-64.56037,-65.37833,,
LMG14-01,61,,,Whaling event,1/9/14 17:25,,,600.0279,106.0464,-64.5386,-65.43448,,
LMG14-01,62,,,Underway Sampling,1/9/14 18:03,600.12,,600.0085,118.7695,-64.46192,-65.63066,,
LMG14-01,63,,,Underway Sampling,1/9/14 19:04,600.14,,599.8274,139.2379,-64.33902,-65.94607,,
LMG14-01,64,,,Birder Event,1/9/14 20:02,600.16,,600.0934,159.6434,-64.21291,-66.25145,,
LMG14-01,65,,,Underway Sampling,1/9/14 20:04,600.16,,600.0863,159.9291,-64.21121,-66.25586,,
LMG14-01,66,,,Underway Sampling,1/9/14 21:02,600.18,,600.0003,180.0891,-64.08828,-66.55969,,
LMG14-01,67,,,Birder Event,1/9/14 22:02,600.2,,600.0451,200.2325,-63.96398,-66.85876,,
LMG14-01,68,,,AC-9,1/9/14 22:09,600.2,,599.9842,200.1548,-63.96486,-66.85847,,
LMG14-01,69,,,CTD,1/9/14 22:25,600.2,,599.9682,200.1542,-63.96497,-66.85868,CTD Cast 010,
LMG14-01,70,,,2m Net Tow,1/10/14 0:48,600.2,,599.872,199.8164,-63.96768,-66.85503,,
LMG14-01,71,,,2m Net Tow,1/10/14 1:09,600.2,,598.5876,199.7801,-63.97626,-66.87253,,
LMG14-01,72,,,1m Net Tow,1/10/14 1:47,600.2,,596.4646,199.8258,-63.98979,-66.90305,,
LMG14-01,73,,,1m Net Tow,1/10/14 2:22,600.2,,598.4939,199.9777,-63.97565,-66.87678,,
LMG14-01,74,,,Mocness,1/10/14 3:34,600.2,,599.9287,199.861,-63.96703,-66.8549,,
LMG14-01,75,,,AC-9,1/10/14 14:54,500.2,,500.2101,170.8086,-64.79194,-67.85457,,
LMG14-01,76,,,Birder Event,1/10/14 14:56,500.2,,500.2191,170.0822,-64.79644,-67.84352,,
LMG14-01,77,,,CTD,1/10/14 14:57,500.2,,500.2278,169.557,-64.79968,-67.83549,CTD Cast 011,
LMG14-01,78,,,2m Net Tow,1/10/14 15:04,500.2,,500.2569,167.4574,-64.81265,-67.80348,,
LMG14-01,79,,,1m Net Tow,1/10/14 15:05,500.2,,500.2667,166.9161,-64.81598,-67.79519,,
LMG14-01,80,,,Birder Event,1/10/14 15:13,500.2,,500.2935,164.0862,-64.83354,-67.75217,Local Time: 1030  Lat:  6436.949 Long: 6816.593,
LMG14-01,81,,,Whaling event,1/10/14 15:16,,,500.2909,163.3988,-64.83786,-67.74185,Local time: 1038  Lat: 64.629917 Long: 68.243512,
LMG14-01,82,,,Underway Sampling,1/10/14 15:18,500.18,,500.2837,162.5052,-64.84351,-67.72848,1027 in POS:64 44.1S 067 59.7W,
LMG14-01,83,,,Birder Event,1/10/14 15:20,500.18,,500.278,161.5218,-64.8497,-67.71372,Local Time: 1127   Lat: 6444.206  Long: 6759.127,
LMG14-01,84,,,Birder Event,1/10/14 15:23,500.16,,500.2814,159.949,-64.85952,-67.68993,,
LMG14-01,85,,,Underway Sampling,1/10/14 15:26,500.16,,500.2866,159.005,-64.86539,-67.67559,,
LMG14-01,86,,,Underway Sampling,1/10/14 16:17,500.14,,500.5585,140.4374,-64.97953,-67.38985,,
LMG14-01,87,,,Underway Sampling,1/10/14 17:34,500.12,,500.238,120.2406,-65.10707,-67.08531,,
LMG14-01,88,,,Birder Event,1/10/14 19:27,500.1,,500.0279,99.9066,-65.23413,-66.77409,,
LMG14-01,89,,,AC-9,1/10/14 19:32,500.1,,500.1014,99.9476,-65.2334,-66.77364,,
LMG14-01,90A,,,CTD,1/10/14 20:31,500.1,,500.2557,99.8292,-65.23313,-66.76954,"Event 90 was actually supposed to be CTD cast 012. But it never got entered, and the following net tow was assigned event 90. Due to sample labeling, we did not want to change the event numbers of the following events. So there will be two event 90's.... One for the CTD cast, one for the net tow.",
LMG14-01,90,,,CTD,1/10/14 20:31,500.1,,500.2557,99.8292,-65.23313,-66.76954,"Event 90 was actually supposed to be CTD cast 012. But it never got entered, and the following net tow was assigned event 90. Due to sample labeling, we did not want to change the event numbers of the following events. So there will be two event 90's.... One for the CTD cast, one for the net tow.",
LMG14-01,91,,,1m Net Tow,1/10/14 21:08,500.1,,500.2126,101.1319,-65.22537,-66.7904,,
LMG14-01,92,,,Whaling event,1/10/14 22:00,,,500.0311,97.5465,-65.24866,-66.73737,,
LMG14-01,93,,,Underway Sampling,1/10/14 23:44,500.08,,500.0888,80.5859,-65.35257,-66.47177,,
LMG14-01,94,,,Birder Event,1/10/14 23:45,500.08,,500.1057,80.3441,-65.35394,-66.46773,,
LMG14-01,95,,,Birder Event,1/11/14 1:14,500.06,,499.8055,59.9241,-65.48085,-66.15056,,
LMG14-01,96,,,AC-9,1/11/14 1:19,500.06,,499.9287,60.0324,-65.47938,-66.15047,,
LMG14-01,97,,,CTD,1/11/14 1:34,500.06,,500.0144,60.0522,-65.47869,-66.14952,CTD Cast 013,
LMG14-01,98,,,2m Net Tow,1/11/14 2:06,500.06,,500.0544,59.9863,-65.47883,-66.14789,,
LMG14-01,99,,,1m Net Tow,1/11/14 2:45,500.06,,502.233,60.4347,-65.46177,-66.12301,,
LMG14-01,100,,,Whaling event,1/11/14 7:15,,,420.4675,44.4724,-66.09374,-67.09361,,
LMG14-01,101,,,Birder Event,1/11/14 8:24,400.04,,399.9844,40.0962,-66.25337,-67.33833,,
LMG14-01,102,,,AC-9,1/11/14 8:30,400.04,,400.001,40.0893,-66.25331,-67.33797,,
LMG14-01,103,,,CTD,1/11/14 8:58,400.04,,400.0289,40.1289,-66.25288,-67.33817,CTD Cast 014,
LMG14-01,104,,,2m Net Tow,1/11/14 9:41,400.04,,400.2736,40.6163,-66.24827,-67.34219,,
LMG14-01,105,,,1m Net Tow,1/11/14 10:13,400.04,,401.3795,41.3879,-66.23633,-67.33746,,
LMG14-01,106,,,1m Net Tow,1/11/14 11:33,500.04,,399.8713,40.2326,-66.25325,-67.34226,,
LMG14-01,107,,,Whaling event,1/11/14 11:51,,,400.2631,41.2464,-66.24441,-67.35244,,
LMG14-01,108,,,Birder Event,1/11/14 11:51,400.04,,400.3215,41.5059,-66.24242,-67.35568,,
LMG14-01,109,,,Underway Sampling,1/11/14 12:43,400.06,,399.9807,59.45,-66.1326,-67.64673,,
LMG14-01,110,,,Birder Event,1/11/14 12:45,400.06,,399.9384,60.2911,-66.12761,-67.66072,,
LMG14-01,111,,,Underway Sampling,1/11/14 13:43,400.08,,399.9875,79.4188,-66.0073,-67.96169,,
LMG14-01,112,,,Birder Event,1/11/14 14:44,400.1,,399.9351,100.1251,-65.87709,-68.28595,,
LMG14-01,113,,,AC-9,1/11/14 14:46,400.1,,399.9428,100.1427,-65.87693,-68.2861,,
LMG14-01,114,,,CTD,1/11/14 15:03,400.1,,400.0366,100.0752,-65.87676,-68.2836,CTD Cast 015,
LMG14-01,115,,,2m Net Tow,1/11/14 15:54,400.1,,400.2681,100.2498,-65.87419,-68.28274,,
LMG14-01,116,,,1m Net Tow,1/11/14 16:35,400.1,,400.4447,100.9783,-65.86846,-68.29133,,
LMG14-01,117,,,Whaling event,1/11/14 17:10,,,398.9104,99.662,-65.88654,-68.29458,,
LMG14-01,118,,,Birder Event,1/11/14 17:12,400.1,,398.8746,99.9294,-65.88507,-68.29929,,
LMG14-01,119,,,Underway Sampling,1/11/14 18:08,400.12,,400.0191,119.2612,-65.75534,-68.58064,,
LMG14-01,120,,,Underway Sampling,1/11/14 19:08,400.14,,399.9963,139.4592,-65.62694,-68.8904,,
LMG14-01,121,,,Birder Event,1/11/14 20:12,400.16,,400.0375,159.8714,-65.49616,-69.19935,,
LMG14-01,122,,,Underway Sampling,1/11/14 20:14,400.16,,400.0106,160.415,-65.49285,-69.20797,,
LMG14-01,123,,,Underway Sampling,1/11/14 21:15,400.18,,400.0521,179.8525,-65.36773,-69.49918,,
LMG14-01,124,,,Birder Event,1/11/14 22:19,400.2,,400.0954,200.0993,-65.23684,-69.79958,,
LMG14-01,125,,,AC-9,1/11/14 22:27,400.2,,400.0791,200.0394,-65.23733,-69.79894,,
LMG14-01,126,,,CTD,1/11/14 22:39,400.2,,400.2085,200.1476,-65.23582,-69.79855,CTD Cast 016,
LMG14-01,127,,,2m Net Tow,1/12/14 1:07,400.2,,400.3747,199.7396,-65.23743,-69.78995,,
LMG14-01,128,,,1m Net Tow,1/12/14 1:37,400.2,,401.7641,198.8021,-65.23486,-69.75466,,
LMG14-01,129,,,1m Net Tow,1/12/14 2:09,400.2,,402.9527,197.7474,-65.23429,-69.72073,,
LMG14-01,130,,,2m Net Tow,1/12/14 2:57,400.2,,404.8548,196.2938,-65.23185,-69.66991,,
LMG14-01,131,,,Birder Event,1/12/14 9:47,300.2,,299.9409,199.9053,-65.85105,-71.37782,,
LMG14-01,132,,,AC-9,1/12/14 9:47,300.2,,299.9481,199.9149,-65.85094,-71.37784,,
LMG14-01,133,,,CTD,1/12/14 10:19,300.2,,300.1315,200.0676,-65.84882,-71.37713,CTD Cast 017,
LMG14-01,134,,,2m Net Tow,1/12/14 13:17,300.2,,299.7779,199.8139,-65.85264,-71.3791,,
LMG14-01,135,,,1m Net Tow,1/12/14 14:04,300.2,,297.6327,197.6654,-65.8798,-71.38213,,
LMG14-01,136,,,Birder Event,1/12/14 15:00,300.2,,297.5972,193.5643,-65.90715,-71.32218,,
LMG14-01,137,,,Whaling event,1/12/14 15:03,,,298.524,193.0368,-65.90504,-71.29938,,
LMG14-01,138,,,Underway Sampling,1/12/14 15:42,300.18,,300.0993,181.0253,-65.97482,-71.09581,,
LMG14-01,139,,,Birder Event,1/12/14 15:49,300.18,,300.0474,178.8183,-65.98968,-71.0638,,
LMG14-01,140,,,Underway Sampling,1/12/14 16:43,300.16,,299.8078,161.0341,-66.10813,-70.80165,,
LMG14-01,141,,,Birder Event,1/12/14 16:47,300.16,,299.3029,160.735,-66.11317,-70.80533,,
LMG14-01,142,,,Mooring Event,1/12/14 17:30,300.16,,298.9297,161.0357,-66.11347,-70.81589,,
LMG14-01,143,,,Birder Event,1/12/14 17:52,300.15,,300.0877,154.3364,-66.15037,-70.69628,,
LMG14-01,144,,,Underway Sampling,1/12/14 19:08,300.14,,299.9273,140.5042,-66.24191,-70.48954,,
LMG14-01,145,,,Birder Event,1/12/14 19:10,300.14,,299.9062,140.1246,-66.24452,-70.48412,,
LMG14-01,146,,,Underway Sampling,1/12/14 21:02,300.12,,299.8841,120.4646,-66.37289,-70.18428,,
LMG14-01,147,,,Birder Event,1/12/14 21:03,300.12,,299.8702,120.2001,-66.3747,-70.18045,,
LMG14-01,148,,,Birder Event,1/12/14 23:06,300.1,,300.2017,99.5415,-66.50679,-69.85626,,
LMG14-01,149,,,Mooring Event,1/12/14 23:32,300.1,,300.0466,99.9364,-66.50519,-69.8649,,
LMG14-01,150,,,CTD,1/12/14 23:45,300.1,,300.1512,99.7714,-66.50561,-69.86064,CTD Cast 018,
LMG14-01,151,,,2m Net Tow,1/13/14 0:35,300.1,,300.0078,100.001,-66.50501,-69.86653,,
LMG14-01,152,,,1m Net Tow,1/13/14 1:11,300.1,,301.7715,100.9922,-66.48767,-69.85329,,
LMG14-01,153,,,Birder Event,1/13/14 2:15,300.1,,303.0514,100.9852,-66.47979,-69.83243,,
LMG14-01,154,,,Underway Sampling,1/13/14 4:16,300.08,,299.8365,80.3685,-66.63298,-69.56322,event corrected from station 300.060 to 300.080 (duck),
LMG14-01,155,,,Underway Sampling,1/13/14 6:18,300.06,,299.9449,60.2161,-66.76197,-69.24399,,
LMG14-01,156,,,CTD,1/13/14 7:53,300.04,,299.977,40.0615,-66.89083,-68.9226,CTD Cast 019,
LMG14-01,157,,,Birder Event,1/13/14 7:57,300.04,,299.9825,40.0308,-66.89099,-68.92202,,
LMG14-01,158,,,2m Net Tow,1/13/14 8:56,300.04,,300.2967,39.9725,-66.88938,-68.91598,,
LMG14-01,159,,,1m Net Tow,1/13/14 9:35,300.04,,300.1289,37.5569,-66.90586,-68.88002,LOST COD END,
LMG14-01,160,,,1m Net Tow,1/13/14 10:21,300.04,,302.1312,37.2865,-66.89499,-68.84315,,
LMG14-01,161,,,Whaling event,1/13/14 11:17,200.4,,297.9433,39.7982,-66.90529,-68.95147,,
LMG14-01,162,,,Birder Event,1/13/14 18:59,200.04,,200.1174,40.0368,-67.51002,-70.58816,,
LMG14-01,163,,,CTD,1/13/14 19:01,200.04,,200.0853,40.0685,-67.51001,-70.58922,CTD Cast 020,
LMG14-01,164,,,2m Net Tow,1/13/14 20:17,200.04,,200.2537,40.1732,-67.5083,-70.58801,,
LMG14-01,165,,,1m Net Tow,1/13/14 20:43,200.04,,201.421,40.1759,-67.50115,-70.56808,,
LMG14-01,166,,,Birder Event,1/14/14 9:19,,Avian Island,232.3207,-32.7205,-67.78112,-68.85599,Reconniassance for landing conditions; landing postponed for WX,
LMG14-01,167,,,Whaling event,1/14/14 13:00,,,220.1021,-29.836,-67.83937,-69.11065,,
LMG14-01,168,,,Birder Event,1/14/14 14:56,200,,199.9704,0.0848,-67.77154,-69.94631,,
LMG14-01,169,,,Mocness,1/14/14 15:08,200,,200.0119,0.0607,-67.77144,-69.9452,,
LMG14-01,170,,,CTD,1/14/14 16:41,200,,199.836,0.0465,-67.77262,-69.94799, CTD Cast 021,
LMG14-01,171,,,2m Net Tow,1/14/14 17:40,200,,200.3523,0.3454,-67.76749,-69.94401,,
LMG14-01,172,,,1m Net Tow,1/14/14 18:06,200,,201.3656,1.1279,-67.75615,-69.9394,,
LMG14-01,173,,,2m Net Tow,1/14/14 18:53,200,,203.9037,1.9148,-67.73537,-69.90877,,
LMG14-01,174,,,Birder Event,1/15/14 10:46,,AVIAN ISLAND,232.3267,-32.6663,-67.78074,-68.85679,Deploy birders to Avian Island,
LMG14-01,175,,,AC-9,1/15/14 13:38,,AVIAN ISAND,232.3145,-32.6848,-67.78093,-68.85669, Grid reference 232.-032,
LMG14-01,176,,,PRR,1/15/14 14:06,,AVIAN ISLAND,232.3725,-32.6463,-67.78032,-68.85635,,
LMG14-01,177,,,CTD,1/15/14 14:17,,AVIAN ISLAND,232.4246,-32.6389,-67.77995,-68.8556,CTD Cast 22. Grid reference 230.-032,
LMG14-01,178,,,2m Net Tow,1/15/14 14:52,,AVIAN ISLAND,232.2675,-32.9699,-67.78305,-68.85274,,
LMG14-01,179,,,1m Net Tow,1/15/14 15:32,,AVIAN ISLAND,231.8884,-35.3019,-67.80032,-68.82035,,
LMG14-01,180,,,Whaling event,1/15/14 16:03,,,231.6551,-37.094,-67.81322,-68.79445,,
LMG14-01,181,,,AC-9,1/15/14 20:59,200.-040,,199.9893,-40.0771,-68.03089,-69.28368,,
LMG14-01,182,,,CTD,1/15/14 21:19,200.-040,,199.9109,-39.9214,-68.03038,-69.28762,CTD cast 23.,
LMG14-01,183,,,2m Net Tow,1/15/14 22:05,200.-040,,199.9128,-39.8046,-68.02962,-69.28953,,
LMG14-01,184,,,1m Net Tow,1/15/14 22:34,200.-040,,199.8157,-38.2147,-68.02,-69.3177,,
LMG14-01,185,,,1m Net Tow,1/15/14 22:34,200.-040,,199.8157,-38.2147,-68.02,-69.3177,,
LMG14-01,186,,,CTD,1/15/14 23:17,200-040,,199.9466,-36.1486,-68.00589,-69.34985,CTD Cast 24. Water catching,
LMG14-01,187,,,CTD,1/16/14 0:06,200-040,,199.9697,-36.2086,-68.00613,-69.34845,CTD Cast 25. Water catching,
LMG14-01,188,,,2m Net Tow,1/16/14 0:23,200-040,,200.1428,-35.9691,-68.00351,-69.34947,,
LMG14-01,189,,,Mocness,1/16/14 2:34,200-040,,200.091,-38.7679,-68.02184,-69.30375,,
LMG14-01,190,,,AC-9,1/16/14 8:15,200-020,,200.0989,-20.2257,-67.90228,-69.61101,,
LMG14-01,191,,,CTD,1/16/14 8:35,200-020,,200.27,-20.1477,-67.90072,-69.60936,CTD Cast 26,
LMG14-01,192,,,2m Net Tow,1/16/14 9:19,200-020,,200.469,-19.887,-67.8978,-69.61025,,
LMG14-01,193,,,1m Net Tow,1/16/14 9:58,200-020,,201.9333,-17.7728,-67.87504,-69.61999,,
LMG14-01,194,,,Whaling event,1/16/14 11:58,,,200.0825,-34.3587,-67.99352,-69.37728,,
LMG14-01,195,,,Mocness,1/16/14 14:42,200-040,,198.6065,-36.6705,-68.01761,-69.36417,,
LMG14-01,196,,,AC-9,1/16/14 19:14,200.-060,,199.9857,-60.0209,-68.15879,-68.94931,,
LMG14-01,197,,,PRR,1/16/14 19:30,200.-060,,200.0627,-60.0365,-68.1584,-68.94772,,
LMG14-01,198,,,CTD,1/16/14 19:42,200.-060,,200.0813,-60.0905,-68.15863,-68.94649,CTD Cast 27,
LMG14-01,199,,,2m Net Tow,1/16/14 20:17,200.-060,,200.0595,-59.8466,-68.15721,-68.95098,,
LMG14-01,200,,,1m Net Tow,1/16/14 20:45,200-060,,199.9927,-58.3956,-68.14835,-68.97658,,
LMG14-01,201,,,CTD,1/16/14 21:38,200.-060,,200.0692,-57.2944,-68.14082,-68.99381,CTD Cast 28. Water catching,
LMG14-01,202,,,2m Net Tow,1/16/14 21:40,200.-060,,200.044,-57.6647,-68.14335,-68.98801,,
LMG14-01,203,,,Whaling event,1/16/14 22:35,,,199.8038,-60.6874,-68.16419,-68.94119,,
LMG14-01,204,,,Biosonics,1/17/14 3:40,,PAPA 10,213.6767,-5.8093,-67.72483,-69.61583,,
LMG14-01,205,,,2m Net Tow,1/17/14 4:13,,PAPA 10,214.3102,-8.9384,-67.7411,-69.55378,,
LMG14-01,206,,,2m Net Tow,1/17/14 4:58,,PAPA 10,213.6992,-13.3869,-67.77359,-69.49115,,
LMG14-01,207,,,AC-9,1/17/14 8:00,,PAPA 1,225.1919,-20.9472,-67.7505,-69.17148,,
LMG14-01,208,,,CTD,1/17/14 8:24,225.-020,,225.1508,-20.8976,-67.75044,-69.17299,CTD Cast 29. Acoustic station PAPA 1,
LMG14-01,209,,,2m Net Tow,1/17/14 9:03,,PAPA 1,224.6469,-20.8778,-67.75346,-69.18185,,
LMG14-01,210,,,1m Net Tow,1/17/14 9:30,,PAPA 1,223.1096,-20.684,-67.76183,-69.21109,,
LMG14-01,211,,,CTD,1/17/14 11:19,,PAPA 2,212.926,-20.4482,-67.8239,-69.38803,CTD Cast 30 water catching,
LMG14-01,212,,,Biosonics,1/17/14 12:26,,PAPA STATION,213.0954,-20.0334,-67.82018,-69.39199,,
LMG14-01,213,,,2m Net Tow,1/17/14 13:13,,PAPA STATION,213.2578,-14.3346,-67.78245,-69.48309,,
LMG14-01,214,,,2m Net Tow,1/17/14 14:24,,PAPA STATION,213.2878,-14.714,-67.78471,-69.47634,,
LMG14-01,215,,,AC-9,1/17/14 21:25,200.-080,,199.9142,-80.0801,-68.28718,-68.6104,,
LMG14-01,216,,,CTD,1/17/14 21:45,200.-080,,200.011,-79.8793,-68.28529,-68.61216,CTD Cast 031,
LMG14-01,217,,,2m Net Tow,1/17/14 22:22,200.-080,,200.0597,-79.7146,-68.28394,-68.61413,,
LMG14-01,218,,,2m Net Tow,1/17/14 22:22,200.-080,,200.0597,-79.7146,-68.28394,-68.61413,,
LMG14-01,219,,,1m Net Tow,1/17/14 22:54,200-080,,199.9274,-77.9063,-68.27327,-68.64722,,
LMG14-01,220,,,Whaling event,1/17/14 23:32,,,200.1991,-75.7574,-68.25787,-68.67913,,
LMG14-01,221,,,Other,1/18/14 12:16,,Rothera Dock,256.6644,-51.3205,-67.74514,-68.13728,NOTE 07:30 actual time of docking Lat 67*34.32s Long 68*07.78w,
LMG14-01,222,,,CTD,1/18/14 12:18,,Rothera CTD #2,256.5334,-51.3195,-67.74597,-68.13948,CTD Cast 032,
LMG14-01,223,,,CTD,1/18/14 14:00,,ROTHERA CDT #1,247.7074,-62.7132,-67.87406,-68.09489,CTD Cast 033,
LMG14-01,224,,,CTD,1/18/14 16:40,,ROTHERA #3,267.6963,-35.0746,-67.57235,-68.22578,CTD Cast 034,
LMG14-01,225,,,CTD,1/18/14 17:35,,ROTHERA #4,267.5901,-35.2235,-67.57397,-68.22506,CTD Cast 035,
LMG14-01,226,,,Mooring Event,1/19/14 10:36,,ROTHERA DEPARTURE,270.5645,-37.9469,-67.57225,-68.13049,,
LMG14-01,227,,,Whaling event,1/19/14 23:02,,,199.713,127.5713,-66.93317,-71.95819,BEGAN EFFORT AT 200.040,
LMG14-01,228,,,Mooring Event,1/20/14 0:11,200.14,,200.0104,140.0573,-66.84789,-72.14228,,
LMG14-01,229,,,AC-9,1/20/14 2:11,200.18,,199.9483,180.1014,-66.57901,-72.74135,,
LMG14-01,230,,,CTD,1/20/14 2:29,200.18,,199.9116,179.8605,-66.58085,-72.73841,CTD Cast 036: aborted,
LMG14-01,231,,,CTD,1/20/14 2:43,200.18,,199.9846,179.9933,-66.57953,-72.73913,CTD Cast 037,
LMG14-01,232,,,2m Net Tow,1/20/14 5:40,200.18,,200.2183,179.7022,-66.58012,-72.73087,,
LMG14-01,233,,,1m Net Tow,1/20/14 6:04,200.18,,200.1297,178.5008,-66.58875,-72.71461,,
LMG14-01,234,,,Underway Sampling,1/20/14 7:28,200.16,,200.2106,160.1508,-66.71187,-72.44058,,
LMG14-01,235,,,Underway Sampling,1/20/14 8:26,200.14,,200.2853,139.5805,-66.84945,-72.1304,,
LMG14-01,236,,,Underway Sampling,1/20/14 9:22,200.12,,200.1931,120.7294,-66.97598,-71.84581,,
LMG14-01,237,,,AC-9,1/20/14 10:28,200.1,,199.9564,99.9298,-67.11583,-71.53066,,
LMG14-01,238,,,CTD,1/20/14 10:52,200.1,,199.9146,99.9734,-67.11579,-71.53205,CTD Cast 038,
LMG14-01,239,,,2m Net Tow,1/20/14 11:50,200.1,,200.016,99.9646,-67.11524,-71.53018,,
LMG14-01,240,,,1m Net Tow,1/20/14 12:31,200.1,,199.011,97.7253,-67.13615,-71.51276,,
LMG14-01,241,,,Underway Sampling,1/20/14 13:54,200.08,,200.2402,80.865,-67.24047,-71.23004,,
LMG14-01,242,,,Underway Sampling,1/20/14 15:19,200.06,,200.306,60.8164,-67.37237,-70.9145,,
LMG14-01,243,,,Underway Sampling,1/20/14 16:26,200.02,,200.379,38.4791,-67.51863,-70.55883,,
LMG14-01,244,,,Underway Sampling,1/20/14 17:24,200.02,,200.2323,19.6474,-67.64263,-70.25912,,
LMG14-01,245,,,Underway Sampling,1/21/14 3:14,200.-020,,199.9655,-20.4992,-67.90488,-69.60879,,
LMG14-01,246,,,AC-9,1/21/14 14:30,100.16,,99.9262,160.0897,-67.29504,-74.18486,,
LMG14-01,247,,,Birder Event,1/21/14 14:35,100.16,,99.9432,160.0343,-67.29532,-74.18374,,
LMG14-01,248,,,PRR,1/21/14 14:48,100.16,,99.8952,160.0217,-67.29568,-74.18441,,
LMG14-01,249,,,CTD,1/21/14 15:00,100.16,,99.863,159.9869,-67.29611,-74.18447,CTD Cast 039,
LMG14-01,250,,,2m Net Tow,1/21/14 17:29,100.16,,99.7168,160.04,-67.29658,-74.18786,,
LMG14-01,251,,,1m Net Tow,1/21/14 18:03,100.16,,98.4227,158.7978,-67.31252,-74.19257,,
LMG14-01,252,,,2m Net Tow,1/21/14 18:36,100.16,,97.0989,157.5459,-67.32869,-74.19768,,
LMG14-01,253,,,Whaling event,1/21/14 19:32,600.16,,95.4064,154.6269,-67.35846,-74.1847,,
LMG14-01,254,,,Birder Event,1/21/14 19:32,100.16,,95.5997,154.5046,-67.3582,-74.17943,,
LMG14-01,255,,,Underway Sampling,1/21/14 20:27,100.14,,100.2146,141.1088,-67.42385,-73.89771,,
LMG14-01,256,,,Birder Event,1/21/14 20:29,100.14,,100.1869,140.4983,-67.4282,-73.88908,,
LMG14-01,257,,,Underway Sampling,1/21/14 21:30,200.12,,100.3564,119.5131,-67.57091,-73.57054,,
LMG14-01,258,,,Birder Event,1/21/14 21:31,100.12,,100.36,119.294,-67.57238,-73.56716,,
LMG14-01,259,,,Birder Event,1/21/14 22:32,100,,100.0447,99.9706,-67.706,-73.27884,,
LMG14-01,260,,,AC-9,1/21/14 22:49,100.1,,100.0259,99.9463,-67.70627,-73.27881,,
LMG14-01,261,,,CTD,1/21/14 22:50,100.1,,100.0103,99.9671,-67.70622,-73.27941,CTD Cast 040,
LMG14-01,262,,,Whaling event,1/21/14 23:03,100.1,,100.0347,99.9621,-67.70611,-73.27889,,
LMG14-01,263,,,2m Net Tow,1/21/14 23:52,100.1,,100.0482,99.9765,-67.70594,-73.27887,,
LMG14-01,264,,,1m Net Tow,1/22/14 0:22,100.1,,101.743,99.6268,-67.69847,-73.24315,,
LMG14-01,265,,,Birder Event,1/22/14 1:19,100.1,,104.5607,98.3097,-67.69104,-73.17254,,
LMG14-01,266,,,Underway Sampling,1/22/14 3:26,100.08,,100.4505,80.9411,-67.83293,-72.97884,,
LMG14-01,267,,,Underway Sampling,1/22/14 5:17,100.06,,100.5568,60.3046,-67.97194,-72.6558,,
LMG14-01,268,,,AC-9,1/22/14 6:23,100.04,,99.9398,39.886,-68.11316,-72.34535,,
LMG14-01,269,,,CTD,1/22/14 6:46,100.04,,99.8795,40.0114,-68.11267,-72.34842,CTD Cast 041,
LMG14-01,270,,,2m Net Tow,1/22/14 7:36,100.04,,99.8067,40.2079,-68.11178,-72.35285,,
LMG14-01,271,,,1m Net Tow,1/22/14 8:10,100.04,,98.0481,41.1589,-68.11577,-72.39961,,
LMG14-01,272,,,Whaling event,1/22/14 11:28,,,147.7649,47.1401,-67.77993,-71.60912,,
LMG14-01,273,,,Mooring Event,1/22/14 21:55,300.1,,300.4692,99.6438,-66.50447,-69.8535,,
LMG14-01,274,,,Mooring Event,1/22/14 22:30,300.1,,299.6586,100.1017,-66.50652,-69.87377,,
LMG14-01,275,,,CTD,1/22/14 22:45,300.1,,299.4285,100.5881,-66.50479,-69.88504,CTD Cast 042. No bottles. Cast at mooring site,
LMG14-01,276,,,CTD,1/23/14 0:12,,CTD#2,309.6151,98.9292,-66.45238,-69.69431,"No bottles, CTD line between moorings. Cast 043",
LMG14-01,277,,,CTD,1/23/14 1:20,,CTD#3,318.8908,95.3464,-66.4178,-69.48911,"No bottles, CTD line between moorings. Cast 044",
LMG14-01,278,,,CTD,1/23/14 2:20,,CTD#4,328.2719,92.9181,-66.37487,-69.30077,"No bottles, CTD line between moorings. Cast 045",
LMG14-01,279,,,CTD,1/23/14 3:22,,CTD #5,337.653,90.518,-66.33153,-69.1135,"No bottles, CTD line between moorings. This cast at mooring site. Cast 046",
LMG14-01,280,,,Mooring Event,1/23/14 5:23,347.088,,347.5443,88.1195,-66.28474,-68.91882,,
LMG14-01,281,,,Mooring Event,1/23/14 5:43,347.088,,347.0522,88.0877,-66.28804,-68.92612,,
LMG14-01,282,,,Mooring Event,1/23/14 15:26,500.12,,499.9834,119.7192,-65.11196,-67.08103,Buoys in the water,
LMG14-01,283,,,Mooring Event,1/23/14 15:45,500.12,,500.052,120.4594,-65.10692,-67.09141,Anchors Away!,
LMG14-01,284,,,Birder Event,1/23/14 15:55,500.12,,500.4405,120.7301,-65.10273,-67.08986,,
LMG14-01,285,,,Whaling event,1/23/14 16:58,500.1,,500.1223,100.1712,-65.23189,-66.77681,,
LMG14-01,286,,,Birder Event,1/23/14 16:59,500.1,,500.1171,99.889,-65.23366,-66.7725,,
LMG14-01,287,,,Birder Event,1/23/14 17:55,500.08,,500.1405,81.5124,-65.34654,-66.48553,,
LMG14-01,288,,,AC-9,1/23/14 19:09,500.06,,500.0564,59.8979,-65.47936,-66.14646,,
LMG14-01,289,,,Birder Event,1/23/14 19:12,500.06,,500.0612,59.9485,-65.47902,-66.1472,,
LMG14-01,290,,,CTD,1/23/14 19:24,500.06,,500.082,60.0009,-65.47856,-66.14772,CTD Cast 047,
LMG14-01,291,,,2m Net Tow,1/23/14 20:03,500.06,,499.9146,60.2526,-65.47812,-66.15416,,
LMG14-01,292,,,1m Net Tow,1/23/14 20:30,500.06,,499.833,61.4164,-65.47156,-66.17377,,
LMG14-01,293,,,Whaling event,1/23/14 21:31,,,490.9234,58.396,-65.54853,-66.25711,,
LMG14-01,294,,,Birder Event,1/24/14 0:17,,Renaud Island,459.6842,35.0265,-65.8964,-66.3491,Armstrong Reef Birder Drop Off,
LMG14-01,295,,,AC-9,1/24/14 1:28,,WPT. 198,443.4626,35.3978,-66.00022,-66.59903, LTER Grid 443.035,
LMG14-01,296,,,CTD,1/24/14 1:37,,WPT 198.,443.4737,35.3969,-66.00015,-66.59884,CTD Cast 048.Deep channel near  Armstrong Reef.  LTER Grid 443.035,
LMG14-01,297,,,2m Net Tow,1/24/14 2:22,,WPT. 198,443.4382,35.3707,-66.00055,-66.59896,,
LMG14-01,298,,,1m Net Tow,1/24/14 3:27,,Wpt. 198,443.6053,35.6125,-65.99797,-66.60032,,
LMG14-01,299,,,AC-9,1/24/14 11:01,,HOLTEDALH BAY,472.1605,-4.0283,-66.05164,-65.53121,,
LMG14-01,300,,,CTD,1/24/14 11:28,,HOLTEDAHL BAY,472.0383,-4.0568,-66.05262,-65.53256,CTD Cast 049. LTER Grid 472.-003,
LMG14-01,301,,,2m Net Tow,1/24/14 12:21,,HOLTEDAHL BAY,472.0145,-4.1129,-66.05312,-65.532,,
LMG14-01,302,,,1m Net Tow,1/24/14 13:02,,HOLTEDAHL BAY,471.8814,-1.8486,-66.04032,-65.57092,,
LMG14-01,303,,,CTD,1/24/14 13:37,,HOLTEDAHL BAY,471.4834,0.4339,-66.02916,-65.61403,CTD Cast 050. Survey - no bottles.,
LMG14-01,304,,,CTD,1/25/14 0:20,,WPT. 96,461.0652,14.6103,-66.01197,-65.99958,CTD Cast 051. Survey - no bottles.,
LMG14-01,305,,,CTD,1/25/14 1:29,,WPT. 97,446.9805,16.8989,-66.09062,-66.24806,CTD Cast 052. Survey - no bottles.,
LMG14-01,306,,,Whaling event,1/25/14 1:34,,WPT. 97,446.9516,16.8858,-66.09089,-66.24828,,
LMG14-01,307,,,CTD,1/25/14 3:05,,WPT 170,445.2636,29.677,-66.0236,-66.48,CTD Cast 053. Survey - no bottles.,
LMG14-01,308,,,CTD,1/25/14 4:32,,WPT 301,443.1439,33.0391,-66.0168,-66.566,CTD Cast 054. Survey - no bottles.,
LMG14-01,309,,,CTD,1/25/14 5:33,,WPT 302,436.3803,40.2581,-66.01646,-66.78403,CTD Cast 055. Survey - no bottles.,
LMG14-01,310,,,CTD,1/25/14 7:12,,WPT# 491,430.9206,48.7172,-65.99966,-67.00197,CTD Cast 056. Survey - no bottles.,
LMG14-01,311,,,Whaling event,1/25/14 11:26,,,497.8733,59.9394,-65.49345,-66.1792,,
LMG14-01,312,,,AC-9,1/25/14 14:12,401.034,,545.1843,43.4728,-65.28006,-65.23074,,
LMG14-01,313,,,CTD,1/25/14 14:34,401.034,,545.3979,42.7041,-65.28325,-65.21544,CTD Cast 057,
LMG14-01,314,,,2m Net Tow,1/25/14 15:21,401.034,,545.3324,42.6304,-65.28413,-65.21521,,
LMG14-01,315,,,1m Net Tow,1/25/14 15:53,401.034,,545.2008,40.4197,-65.29828,-65.18188,,
LMG14-01,316,,,Whaling event,1/26/14 1:14,,VERNADSKY,578.736,10.2681,-65.25251,-64.22186,,
LMG14-01,317,,,Whaling event,1/26/14 10:58,,,587.2784,11.7479,-65.186,-64.12574,,
LMG14-01,318,,,Whaling event,1/26/14 16:35,,,661.1227,-5.1889,-64.78024,-62.8375,,
LMG14-01,319,,,AC-9,1/27/14 8:56,600.04,,600.1378,40.0141,-64.93225,-64.3983,,
LMG14-01,320,,,CTD,1/27/14 9:16,600.04,,600.0221,39.9774,-64.93324,-64.39933,CTD Cast 058 at Station 600.040-2,
LMG14-01,321,,,2m Net Tow,1/27/14 10:42,600.04,,600.5572,39.9621,-64.92972,-64.39162,,
LMG14-01,322,,,1m Net Tow,1/27/14 11:14,600.04,,602.5284,39.6665,-64.91817,-64.35944,,
LMG14-01,323,,,CTD,1/27/14 12:34,600.04,,600.0441,39.9468,-64.93328,-64.39853,,
LMG14-01,324,,,2m Net Tow,1/27/14 13:26,600.04,,600.3428,39.7843,-64.93222,-64.39178,,
LMG14-01,325,,,Mocness,1/27/14 14:46,600.04,,604.2948,38.3659,-64.91394,-64.31416,,
LMG14-01,326,,,Whaling event,1/27/14 17:57,,,593.927,45.4546,-64.94183,-64.5715,,
LMG14-01,327,,,CTD,1/27/14 21:47,,WPT 22,620.4098,36.036,-64.81867,-64.0537,,
LMG14-01,328,,,2m Net Tow,1/27/14 23:17,,WPT. 22,621.3687,33.6592,-64.82614,-64.00264,,
LMG14-01,329,,,2m Net Tow,1/28/14 1:06,600.04,,604.8118,38.372,-64.91041,-64.30706,,
LMG14-01,330,,,Mocness,1/28/14 2:36,600.04,,605.147,39.7175,-64.9002,-64.32379,,
LMG14-01,331,,,Mooring Event,1/28/14 11:00,,STATION E,621.312,36.728,-64.80848,-64.05225,,
LMG14-01,332,,,Mooring Event,1/28/14 11:54,,STATION E ANCHOR DEPLOYED,620.6037,36.9071,-64.81223,-64.06488,,
LMG14-01,333,,,CTD,1/28/14 11:56,,STATION E,620.6324,36.867,-64.81227,-64.06384,,
LMG14-01,334,,,Biosonics,1/28/14 14:11,,ACOUSTIC SURVEY,614.1936,45.9824,-64.8021,-64.29759,,
LMG14-01,335,,,2m Net Tow,1/28/14 15:28,,,612.841,39.0778,-64.85199,-64.20677,,
LMG14-01,336,,,Biosonics,1/28/14 17:51,,,601.2891,27.8749,-64.99617,-64.18874,,
LMG14-01,337,,,2m Net Tow,1/28/14 18:30,,,602.2053,32.1753,-64.96461,-64.24464,,
LMG14-01,338,,,2m Net Tow,1/28/14 19:41,,ACOUSTIC  SURVEY,603.7836,39.4071,-64.91124,-64.33783,,
LMG14-01,339,,,2m Net Tow,1/28/14 19:41,,ACOUSTIC  SURVEY,603.7836,39.4071,-64.91124,-64.33783,,
LMG14-01,340,,,Whaling event,1/28/14 21:48,,PALMER DEEP,605.8717,49.6906,-64.83629,-64.47188,,
LMG14-01,341,,,Biosonics,1/29/14 1:26,,ACOUSTIC SURVEY,614.2256,46.548,-64.79854,-64.3061,,
LMG14-01,342,,,2m Net Tow,1/29/14 2:32,,ACOUSTIC SURVEY,612.846,39.2058,-64.8512,-64.20873,,
LMG14-01,343,,,2m Net Tow,1/29/14 5:11,,ACOUSTIC SURVEY,601.3831,29.2404,-64.98749,-64.20925,,
LMG14-01,344,,,Whaling event,1/29/14 13:58,,,610.5939,37.616,-64.87581,-64.21469,,
LMG14-01,345,,,Birder Event,1/29/14 14:30,600.04,,600.2026,39.9583,-64.93214,-64.3965,,
LMG14-01,346,,,Birder Event,1/29/14 15:28,600.06,,599.9484,59.6594,-64.81694,-64.71192,,
LMG14-01,347,,,Birder Event,1/29/14 16:34,600.08,,599.9908,80.11,-64.69461,-65.0322,,
LMG14-01,348,,,CTD,1/29/14 16:34,600.08,,599.9924,80.1031,-64.69464,-65.03207,,
LMG14-01,349,,,Birder Event,1/29/14 17:06,600.08,,600.0872,80.0951,-64.69405,-65.03062,,
LMG14-01,350,,,Birder Event,1/29/14 17:32,606.085,,606.2617,85.074,-64.62298,-65.02207,,
LMG14-01,351,,,CTD,1/29/14 17:35,606.085,,606.2976,85.1326,-64.62239,-65.02248,,
LMG14-01,352,,,Birder Event,1/29/14 18:17,606.085,,607.1231,85.8626,-64.6125,-65.02235,,
LMG14-01,353,,,CTD,1/29/14 18:37,612.09,,612.5247,90.0745,-64.55119,-65.01268,,
LMG14-01,354,,,Birder Event,1/29/14 18:38,612.09,,612.5636,90.1386,-64.55054,-65.01313,,
LMG14-01,355,,,Birder Event,1/29/14 19:20,612.09,,613.2292,90.4991,-64.54393,-65.00948,,
LMG14-01,356,,,Birder Event,1/29/14 19:44,618.095,,618.7057,94.9739,-64.48054,-65.0029,,
LMG14-01,357,,,CTD,1/29/14 19:47,618.095,,618.7074,94.9844,-64.48047,-65.00304,,
LMG14-01,358,,,Birder Event,1/29/14 20:16,618.095,,619.1472,95.344,-64.47538,-65.00252,,
LMG14-01,359,,,CTD,1/29/14 20:47,625,,625.1538,99.9594,-64.4076,-64.99082,,
LMG14-01,360,,,Birder Event,1/29/14 20:48,625,,625.1384,99.9612,-64.40769,-64.99107,,
LMG14-01,361,,,Birder Event,1/29/14 21:17,625,,625.1237,100.2053,-64.40633,-64.99504,,
LMG14-01,362,,,Birder Event,1/29/14 21:44,631.105,,631.2869,104.8773,-64.33716,-64.98211,,
LMG14-01,363,,,CTD,1/29/14 21:48,631.105,,631.3047,104.8394,-64.33727,-64.98128,,
LMG14-01,364,,,Birder Event,1/29/14 22:21,631.105,,631.9663,105.6156,-64.3282,-64.98413,,
LMG14-01,365,,,Birder Event,1/29/14 22:48,637.11,,637.6976,110.1292,-64.26287,-64.97477,,
LMG14-01,366,,,CTD,1/29/14 22:50,637.11,,637.6732,109.9869,-64.26389,-64.97292,,
LMG14-01,367,,,Birder Event,1/29/14 23:27,637.11,,637.9593,110.4924,-64.25895,-64.97676,,
LMG14-01,368,,,CTD,1/29/14 23:54,643.115,,643.7087,115.1059,-64.1929,-64.96873,,
LMG14-01,369,,,CTD,1/30/14 0:56,650.12,,650.0743,120.0505,-64.12075,-64.95737,,
LMG14-01,370,,,Whaling event,1/30/14 9:02,,WPT#302,613.6621,44.2566,-64.81588,-64.2776,,
LMG14-01,371,,,Other,1/30/14 9:23,,Joubin Islands,614.434,46.5747,-64.79697,-64.30364,,
LMG14-01,372,,,Whaling event,1/30/14 12:09,,Wauwerman Islands,611.2901,30.006,-64.91593,-64.08379,,
LMG14-01,373,,,Other,1/30/14 12:17,,Wauwerman Islands,611.2398,29.9015,-64.91688,-64.08282,,
LMG14-01,374,,,2m Net Tow,1/30/14 15:55,,WAUWERMAN ISLAND,611.2243,29.9803,-64.91652,-64.08429,,
LMG14-01,375,,,2m Net Tow,1/30/14 16:31,,WAUWERMAN,611.7153,32.2999,-64.89955,-64.11448,,
LMG14-01,376,,,2m Net Tow,1/30/14 17:58,,WAUWERMAN,611.4154,30.9248,-64.90967,-64.09671,,
LMG14-01,377,,,2m Net Tow,1/30/14 18:42,,WAUWERMAN,612.0428,33.2204,-64.89191,-64.12462,,
LMG14-01,378,,,2m Net Tow,1/30/14 19:52,,WAUWERMANS ISLANDS,611.9924,33.1996,-64.89237,-64.12498,,
LMG14-01,379,,,Other,1/30/14 21:17,,PALMER STATION,623.8835,39.6659,-64.77378,-64.06347,,
LMG14-01,380,,,Other,1/30/14 21:17,,PALMER STATION,623.8835,39.6659,-64.77378,-64.06347,,
LMG14-01,381,,,Other,1/30/14 21:17,,PALMER STATION,623.8835,39.6659,-64.77378,-64.06347,,
LMG14-01,382,,,CTD,1/31/14 20:12,,Sediment Trap,584.0504,132.7226,-64.48267,-66.06877,"CTD 071 for Trap Thorium. 2 trap recoveries will be Events 382 A, B. CTD is event 382 C",
LMG14-01,383,,,Other,1/31/14 21:44,,Sediment Trap,581.3831,131.7337,-64.50626,-66.09136,Trap &quot;Frenchy&quot; deployed,
LMG14-01,384,,,Other,2/1/14 1:39,,DRIFTER BUOY,594.4061,59.1751,-64.85702,-64.78181,,
LMG14-01,385,,,Other,2/1/14 15:48,,SEDIMENT TRAP (USA),583.9773,131.7027,-64.48936,-66.05423,USA Trap deployed,
LMG14-01,386,,,Mooring Event,2/1/14 16:12,,"Sediment Trap ""USA""",583.7553,131.7306,-64.49065,-66.05779,USA Trap floats gone,
LMG14-01,387,,,Whaling event,2/1/14 20:24,,,617.1935,66.6683,-64.65937,-64.58226,,
LMG14-01,388,,,Birder Event,2/1/14 20:25,,western Anvers survey,617.4532,66.7796,-64.65696,-64.58041,,
LMG14-01,389,,,Birder Event,2/1/14 21:25,,,636.1279,73.7953,-64.4896,-64.43275,,
LMG14-01,390,,,Whaling event,2/1/14 23:59,,West of Anvord Island,640.2223,73.6084,-64.46309,-64.37366,time deployed 22:05 Zodiac deployed for samples in Pos: 64*27.11S 064*22.61W,
LMG14-01,391,,,Whaling event,2/2/14 8:44,,West of Andvord Island,622.0167,61.8012,-64.65575,-64.43905,,
LMG14-01,392,,,Birder Event,2/2/14 13:28,,GERLACHE ISLAND,630.603,62.393,-64.59433,-64.32996,,
LMG14-01,393,,,Whaling event,2/2/14 21:13,,Gerlache Island,630.5188,63.0277,-64.59114,-64.34109,,
LMG14-01,394,,,Other,2/8/14 0:14,,68 degrees West,1455.6104,1115.462,-52.73784,-68.03838,"Data logging turned off at 68 West Longitude on day 038, 23:43 gmt",