Wavelength (nm),Kd (m-1),Fitted Kd (m-1)
191.033737,NA,NA
191.412582,NA,NA
191.791428,NA,NA
192.170212,NA,NA
192.548996,NA,NA
192.92775,NA,NA
193.306473,NA,NA
193.685165,NA,NA
194.063843,NA,NA
194.44249,NA,NA
194.821121,NA,NA
195.199707,NA,NA
195.578278,NA,NA
195.956818,NA,NA
196.335327,NA,NA
196.713806,NA,NA
197.092285,NA,NA
197.470703,NA,NA
197.849121,NA,NA
198.227509,NA,NA
198.605881,NA,NA
198.984192,NA,NA
199.362503,NA,NA
199.740784,NA,NA
200.119019,NA,NA
200.497253,NA,NA
200.875458,NA,NA
201.253616,NA,NA
201.631775,NA,NA
202.009888,NA,NA
202.387985,NA,NA
202.766052,NA,NA
203.144089,NA,NA
203.522095,NA,NA
203.900085,NA,NA
204.27803,NA,NA
204.655975,NA,NA
205.03389,NA,NA
205.411774,NA,NA
205.789612,NA,NA
206.167435,NA,NA
206.545227,NA,NA
206.923004,NA,NA
207.300751,NA,NA
207.678482,NA,NA
208.056168,NA,NA
208.433838,NA,NA
208.811478,NA,NA
209.189102,NA,NA
209.566666,NA,NA
209.944229,NA,NA
210.321762,NA,NA
210.699265,NA,NA
211.076752,NA,NA
211.454193,NA,NA
211.831604,NA,NA
212.209015,NA,NA
212.58638,NA,NA
212.96373,NA,NA
213.341034,NA,NA
213.718323,NA,NA
214.095581,NA,NA
214.472824,NA,NA
214.850021,NA,NA
215.227219,NA,NA
215.60437,NA,NA
215.981491,NA,NA
216.358597,NA,NA
216.735657,NA,NA
217.112717,NA,NA
217.489731,NA,NA
217.866714,NA,NA
218.243668,NA,NA
218.620621,NA,NA
218.997528,NA,NA
219.374405,NA,NA
219.751236,NA,NA
220.128082,NA,NA
220.504883,NA,NA
220.881653,NA,NA
221.258392,NA,NA
221.635101,NA,NA
222.01181,NA,NA
222.388458,NA,NA
222.765091,NA,NA
223.141693,NA,NA
223.518295,NA,NA
223.894836,NA,NA
224.271362,NA,NA
224.647858,NA,NA
225.024338,NA,NA
225.400772,NA,NA
225.777176,NA,NA
226.153564,NA,NA
226.529953,NA,NA
226.906265,NA,NA
227.282562,NA,NA
227.658829,NA,NA
228.035095,NA,NA
228.411316,NA,NA
228.787491,NA,NA
229.163666,NA,NA
229.53981,NA,NA
229.915909,NA,NA
230.292007,NA,NA
230.66806,NA,NA
231.044083,NA,NA
231.420074,NA,NA
231.796051,NA,NA
232.171997,NA,NA
232.547913,NA,NA
232.923798,NA,NA
233.299652,NA,NA
233.675491,NA,NA
234.051285,NA,NA
234.427078,NA,NA
234.802811,NA,NA
235.178543,NA,NA
235.554214,NA,NA
235.929901,NA,NA
236.305527,NA,NA
236.681137,NA,NA
237.056717,NA,NA
237.432251,NA,NA
237.807785,NA,NA
238.183289,NA,NA
238.558746,NA,NA
238.934189,NA,NA
239.309586,NA,NA
239.684982,NA,NA
240.060333,NA,NA
240.435654,NA,NA
240.810959,NA,NA
241.186234,NA,NA
241.561462,NA,NA
241.936676,NA,NA
242.311859,NA,NA
242.687027,NA,NA
243.062149,NA,NA
243.437256,NA,NA
243.812302,NA,NA
244.187378,NA,NA
244.562363,NA,NA
244.937363,NA,NA
245.312317,NA,NA
245.687241,NA,NA
246.062149,NA,NA
246.437027,NA,NA
246.811859,NA,NA
247.186691,NA,NA
247.561462,NA,NA
247.936203,NA,NA
248.310944,NA,NA
248.685669,NA,NA
249.060333,NA,NA
249.434967,NA,NA
249.80957,NA,NA
250.184174,NA,NA
250.558716,NA,NA
250.933243,NA,NA
251.307755,NA,NA
251.682236,NA,NA
252.056671,NA,NA
252.431061,NA,NA
252.80545,NA,NA
253.17984,NA,NA
253.554138,NA,NA
253.928436,NA,NA
254.302719,NA,NA
254.676956,NA,NA
255.051163,NA,NA
255.425339,NA,NA
255.7995,NA,NA
256.173645,NA,NA
256.54776,NA,NA
256.921783,NA,NA
257.295837,NA,NA
257.66983,NA,NA
258.043793,NA,NA
258.417786,NA,NA
258.791687,NA,NA
259.165588,NA,NA
259.539459,NA,NA
259.9133,NA,NA
260.287079,NA,NA
260.660889,NA,NA
261.034576,NA,NA
261.408325,NA,NA
261.782013,NA,NA
262.15567,NA,NA
262.529327,NA,NA
262.902924,NA,NA
263.276459,NA,NA
263.650024,NA,NA
264.023529,NA,NA
264.397034,NA,NA
264.770477,NA,NA
265.14389,NA,NA
265.517334,NA,NA
265.890656,NA,NA
266.264008,NA,NA
266.637329,NA,NA
267.01059,NA,NA
267.38382,NA,NA
267.75705,NA,NA
268.130249,NA,NA
268.503448,NA,NA
268.876526,NA,NA
269.249634,NA,NA
269.622711,NA,NA
269.995728,NA,NA
270.368774,NA,NA
270.74176,NA,NA
271.114716,NA,NA
271.48764,NA,NA
271.860535,NA,NA
272.233398,NA,NA
272.606232,NA,NA
272.979004,NA,NA
273.351807,NA,NA
273.724548,NA,NA
274.097229,NA,NA
274.46994,NA,NA
274.84259,NA,NA
275.215271,NA,NA
275.58786,NA,NA
275.960388,NA,NA
276.332947,NA,NA
276.705444,NA,NA
277.077911,NA,NA
277.450348,NA,NA
277.822784,NA,NA
278.19519,NA,NA
278.567535,NA,NA
278.93985,NA,NA
279.312164,NA,NA
279.684448,NA,NA
280.056641,NA,NA
280.428864,NA,NA
280.801056,NA,NA
281.173187,NA,NA
281.545319,NA,NA
281.917389,NA,NA
282.289459,NA,NA
282.661499,NA,NA
283.033447,NA,NA
283.405457,NA,NA
283.777405,NA,NA
284.149292,NA,NA
284.521179,NA,NA
284.893005,NA,NA
285.264832,NA,NA
285.636627,NA,NA
286.008362,NA,NA
286.380096,NA,NA
286.751801,NA,NA
287.123474,NA,NA
287.495117,NA,NA
287.866699,NA,NA
288.238281,NA,NA
288.609833,NA,NA
288.981323,NA,NA
289.352814,NA,NA
289.724274,NA,0.572028412
290.095673,NA,0.568811784
290.467102,NA,0.565612987
290.83844,NA,0.562432955
291.209778,NA,0.559270802
291.581085,NA,0.55612669
291.952332,NA,0.553000757
292.323578,NA,0.549892402
292.694794,NA,0.546801769
293.065979,NA,0.543728762
293.437134,NA,0.540673272
293.808228,NA,0.53763545
294.179291,NA,0.534614947
294.550385,NA,0.531611165
294.921387,NA,0.528624997
295.292358,NA,0.525655851
295.663361,NA,0.522703128
296.034271,NA,0.519767725
296.405212,NA,0.516848563
296.776031,NA,0.513946749
297.146881,NA,0.511060985
297.5177,NA,0.508191664
297.888458,NA,0.505338921
298.259216,NA,0.502502192
298.629944,NA,0.499681614
299.000641,NA,0.496877103
299.371307,NA,0.494088564
299.741913,NA,0.491316123
300.112518,NA,0.488559246
300.483063,NA,0.485818281
300.853577,NA,0.483092921
301.224091,NA,0.48038285
301.594543,NA,0.477688431
301.964996,NA,0.475009118
302.335419,NA,0.472345048
302.70575,NA,0.469696576
303.076111,NA,0.467062741
303.446442,NA,0.464443887
303.816681,NA,0.461840362
304.186951,NA,0.459251216
304.55719,NA,0.456676799
304.927368,NA,0.454117235
305.297516,NA,0.451572222
305.667664,NA,0.449041472
306.03775,NA,0.446525325
306.407837,NA,0.444023271
306.777832,NA,0.441535853
307.147858,NA,0.439062164
307.517853,NA,0.436602538
307.887756,NA,0.434157298
308.25766,NA,0.431725746
308.627533,NA,0.429308014
308.997406,NA,0.426903822
309.367218,NA,0.424513487
309.737,NA,0.422136729
310.10675,NA,0.419773481
310.476471,NA,0.417423647
310.84613,NA,0.415087358
311.21582,NA,0.412763951
311.585419,NA,0.410454116
311.955048,NA,0.408157021
312.324615,NA,0.405873164
312.694122,NA,0.403602453
313.063629,NA,0.401344447
313.433075,NA,0.399099443
313.802521,NA,0.396866996
314.171906,NA,0.394647403
314.54129,NA,0.39244023
314.910645,NA,0.390245572
315.279968,NA,0.388063377
315.6492,NA,0.385893917
316.018494,NA,0.383736224
316.387695,NA,0.381591135
316.756866,NA,0.379458209
317.126038,NA,0.3773372
317.495148,NA,0.3752284
317.864258,NA,0.373131385
318.233307,NA,0.371046433
318.602295,NA,0.368973473
318.971313,NA,0.366911927
319.340302,NA,0.36486206
319.709167,NA,0.362824328
320.078094,0.324609444,0.360797637
320.44696,0.323479506,0.3587826
320.815796,0.336837407,0.356778979
321.184601,0.327756136,0.354786714
321.553375,0.330557985,0.35280574
321.922089,0.337114237,0.350836146
322.290833,0.329640181,0.348877389
322.659485,0.330536787,0.346930053
323.028107,0.321530668,0.344993743
323.396759,0.332763105,0.343068084
323.765289,0.326186692,0.341153806
324.133911,0.324947551,0.339249735
324.50238,0.324185403,0.337357075
324.87085,0.321541565,0.335474969
325.239319,0.32643691,0.333603368
325.607727,0.322791036,0.331742516
325.976135,0.316110015,0.329892044
326.344482,0.317135347,0.328052198
326.712799,0.31759947,0.326222761
327.081116,0.321935992,0.324403527
327.449371,0.313078488,0.322594741
327.817596,0.311124412,0.320796187
328.185791,0.309252002,0.319007806
328.553925,0.309052746,0.317229688
328.922058,0.304618787,0.315461487
329.290161,0.304111599,0.313703283
329.658203,0.305023574,0.311955168
330.026276,0.301564659,0.310216649
330.394257,0.301478047,0.308488249
330.762207,0.299332662,0.306769623
331.130188,0.29529577,0.305060429
331.498047,0.298319793,0.303361319
331.865936,0.296111123,0.301671536
332.233795,0.30174005,0.299991301
332.601563,0.305365042,0.298320837
332.96936,0.30586518,0.296659545
333.337097,0.306543265,0.295007772
333.704803,0.304451692,0.293365335
334.072479,0.306266059,0.291732175
334.440125,0.305528138,0.290108238
334.807709,0.305238029,0.288493613
335.175293,0.307667307,0.286887974
335.542816,0.301754812,0.285291536
335.9104,0.303505024,0.283703719
336.277832,0.298314841,0.282125389
336.645294,0.291817642,0.280555713
337.012695,0.290186245,0.278995029
337.380066,0.289171551,0.277443153
337.747437,0.287743769,0.275899908
338.114746,0.289987754,0.274365507
338.482025,0.288549939,0.272839763
338.849304,0.286388968,0.271322503
339.216522,0.280004797,0.269813931
339.583679,0.279078453,0.268313996
339.950867,0.27989903,0.266822273
340.317963,0.278745415,0.265339214
340.685089,0.277347521,0.263864278
341.052124,0.278239137,0.262397903
341.419128,0.278067392,0.2609398
341.786163,0.276714568,0.259489678
342.153107,0.271836055,0.258047971
342.52005,0.271983105,0.256614278
342.886932,0.272231303,0.255188786
343.253754,0.272422277,0.253771445
343.620575,0.273935485,0.252361979
343.987396,0.269800244,0.250960342
344.354126,0.268878861,0.249566834
344.720886,0.268878858,0.248180951
345.087555,0.264702583,0.246803104
345.454224,0.261760871,0.245432908
345.820862,0.262285998,0.244070433
346.187439,0.262182664,0.242715747
346.554016,0.260775115,0.241368579
346.920563,0.256729152,0.240028999
347.287018,0.25596967,0.238697186
347.653534,0.251636734,0.237372543
348.019928,0.248479489,0.236055689
348.386322,0.244956612,0.23474614
348.752686,0.243029729,0.233443962
349.119019,0.243335086,0.232149116
349.485321,0.241309615,0.230861562
349.851593,0.236599098,0.229581253
350.217804,0.233975311,0.228308256
350.584015,0.229825102,0.227042318
350.950195,0.229650108,0.225783505
351.316284,0.228299533,0.224531982
351.682434,0.22614923,0.223287189
352.048462,0.223505385,0.222049709
352.41452,0.222311004,0.220818986
352.780518,0.219812067,0.219595285
353.146454,0.217148369,0.218378571
353.51239,0.214732762,0.217168598
353.878296,0.212776184,0.215965427
354.244141,0.210811136,0.214769122
354.610016,0.209300108,0.213579345
354.9758,0.206602388,0.212396454
355.341553,0.203988376,0.211220213
355.707306,0.202554284,0.210050486
356.072968,0.200716277,0.208887526
356.43866,0.199018443,0.20773091
356.80426,0.194543212,0.206580986
357.169861,0.194167029,0.205437425
357.535461,0.193269554,0.204300198
357.90097,0.192671423,0.203169546
358.266449,0.191240741,0.202045244
358.631958,0.189320227,0.200927072
358.997345,0.187661494,0.199815459
359.362762,0.185458073,0.198709905
359.728119,0.183422044,0.197610647
360.093445,0.183128913,0.196517564
360.458771,0.183334839,0.195430526
360.824005,0.185075437,0.194349773
361.189209,0.182802984,0.193275085
361.554443,0.180476412,0.192206252
361.919556,0.178940031,0.191143681
362.284698,0.178696081,0.1900869
362.64978,0.179284506,0.189036135
363.014832,0.179222233,0.187991263
363.379913,0.180103168,0.186952084
363.744873,0.180204882,0.185918992
364.109833,0.178484768,0.184891608
364.474731,0.176927231,0.183870074
364.83963,0.176629223,0.182854182
365.204468,0.176286968,0.181844071
365.569305,0.176871634,0.180839543
365.934052,0.17680487,0.17984081
366.298859,0.176394422,0.178847429
366.663544,0.176336472,0.177859865
367.028259,0.176131642,0.176877674
367.392914,0.175823985,0.175901067
367.757507,0.176693473,0.174930017
368.122101,0.178019209,0.173964324
368.486664,0.177835721,0.173004045
368.851135,0.177156905,0.172049306
369.215668,0.177159207,0.171099675
369.580078,0.176280312,0.170155603
369.944519,0.175645809,0.169216661
370.308899,0.174769825,NA
370.673218,0.173738559,NA
371.037537,0.172941269,NA
371.401825,0.171894913,NA
371.766052,0.170768307,NA
372.13031,0.170388145,NA
372.494446,0.170316448,NA
372.858582,0.17053087,NA
373.222687,0.170172676,NA
373.586731,0.170572199,NA
373.950806,0.170865314,NA
374.314789,0.171283666,NA
374.678741,0.171257344,NA
375.042725,0.172347778,NA
375.406586,0.17282323,NA
375.770477,0.173203144,NA
376.134308,0.173468214,NA
376.498077,0.173546303,NA
376.861847,0.173377911,NA
377.225586,0.173814397,NA
377.589264,0.174503891,NA
377.952942,0.175395116,NA
378.316528,0.176140068,NA
378.680145,0.176815535,NA
379.043701,0.175876835,NA
379.407196,0.176561412,NA
379.770691,0.176592967,NA
380.134155,0.176662307,NA
380.497559,0.175977415,NA
380.860962,0.176022604,NA
381.224304,0.176424169,NA
381.587585,0.175399071,NA
381.950897,0.175037364,NA
382.314117,0.173798801,NA
382.677338,0.173711467,NA
383.040527,0.173310365,NA
383.403625,0.172590804,NA
383.766754,0.172822959,NA
384.129822,0.172469141,NA
384.492828,0.173668585,NA
384.855865,0.173473316,NA
385.218811,0.172988954,NA
385.581757,0.173428205,NA
385.944672,0.173645031,NA
386.307495,0.17376037,NA
386.670319,0.173911018,NA
387.033142,0.174608264,NA
387.395874,0.174905074,NA
387.758636,0.17416095,NA
388.121277,0.174091241,NA
388.483917,0.173243832,NA
388.846558,0.172786225,NA
389.209106,0.172188041,NA
389.571655,0.172741487,NA
389.934174,0.172452319,NA
390.296631,0.172729075,NA
390.659119,0.172921363,NA
391.021515,0.172883708,NA
391.383881,0.173230555,NA
391.746216,0.173265383,NA
392.108521,0.174724413,NA
392.470795,0.175194172,NA
392.833008,0.176634567,NA
393.19519,0.177491312,NA
393.557404,0.177423918,NA
393.919464,0.178570669,NA
394.281586,0.17850075,NA
394.643646,0.177687357,NA
395.005646,0.177167628,NA
395.367645,0.176038423,NA
395.729584,0.176842788,NA
396.091492,0.175604023,NA
396.453369,0.175553619,NA
396.815216,0.174980524,NA
397.177032,0.175023044,NA
397.538818,0.175075862,NA
397.900513,0.175082051,NA
398.262238,0.175713712,NA
398.623901,0.17578513,NA
398.985504,0.176211779,NA
399.347137,0.176532264,NA
399.708679,0.176031368,NA
400.07019,0.175860782,NA
400.431702,0.175636942,NA
400.793121,0.175925872,NA
401.154541,0.175899488,NA
401.51593,0.176506162,NA
401.877258,0.176167604,NA
402.238617,0.17590447,NA
402.599854,0.176438168,NA
402.961121,0.176541298,NA
403.322296,0.177248345,NA
403.683472,0.17795975,NA
404.044617,0.178444148,NA
404.405701,0.17966842,NA
404.766724,0.180051662,NA
405.127777,0.180071766,NA
405.48877,0.179622837,NA
405.849731,0.18026486,NA
406.210663,0.181122285,NA
406.571503,0.181946912,NA
406.932373,0.182429137,NA
407.293182,0.182819556,NA
407.653931,0.183343813,NA
408.014709,0.183778618,NA
408.375397,0.183589468,NA
408.736084,0.183609229,NA
409.09668,0.18477101,NA
409.457275,0.184985474,NA
409.817841,0.185628497,NA
410.178345,0.186060695,NA
410.538849,0.18653481,NA
410.899323,0.186856639,NA
411.259705,0.186756848,NA
411.620087,0.186746252,NA
411.980438,0.187441025,NA
412.340729,0.188026267,NA
412.701019,0.189097056,NA
413.061249,0.189581657,NA
413.421417,0.19031232,NA
413.781586,0.190176544,NA
414.141724,0.190278275,NA
414.501801,0.190256463,NA
414.861877,0.191045141,NA
415.221863,0.191602743,NA
415.581848,0.191957261,NA
415.941803,0.192037125,NA
416.301697,0.192063923,NA
416.66156,0.19134222,NA
417.021423,0.190790842,NA
417.381195,0.191403818,NA
417.740997,0.191835319,NA
418.100708,0.192149662,NA
418.460388,0.192217069,NA
418.820068,0.191969855,NA
419.179657,0.191593651,NA
419.539246,0.191319056,NA
419.898804,0.191180853,NA
420.25827,0.191016791,NA
420.617798,0.191416496,NA
420.977203,0.19191139,NA
421.336609,0.191467811,NA
421.695984,0.191072169,NA
422.055298,0.190930116,NA
422.414581,0.190549349,NA
422.773834,0.190887317,NA
423.133026,0.190859722,NA
423.492249,0.191282937,NA
423.851349,0.191585587,NA
424.21048,0.191907228,NA
424.56955,0.192165706,NA
424.928558,0.191823734,NA
425.287567,0.192085408,NA
425.646545,0.192289294,NA
426.005432,0.192450047,NA
426.364349,0.19317853,NA
426.723175,0.193247079,NA
427.082001,0.193924931,NA
427.440765,0.194330844,NA
427.7995,0.194853344,NA
428.158203,0.195264156,NA
428.516876,0.195528481,NA
428.875458,0.196268477,NA
429.2341,0.196633956,NA
429.592621,0.196787318,NA
429.951172,0.19670744,NA
430.309662,0.197100082,NA
430.668091,0.197664054,NA
431.026489,0.197442519,NA
431.384888,0.197461785,NA
431.743195,0.197519926,NA
432.101501,0.19810453,NA
432.459747,0.198256862,NA
432.817993,0.198058673,NA
433.176178,0.19832034,NA
433.534302,0.198849707,NA
433.892426,0.199654034,NA
434.250519,0.199343063,NA
434.608521,0.199341491,NA
434.966553,0.200119956,NA
435.324463,0.200292647,NA
435.682404,0.20009983,NA
436.040314,0.200043174,NA
436.398163,0.20038396,NA
436.755981,0.200278141,NA
437.113739,0.20057739,NA
437.471466,0.200350623,NA
437.829193,0.200491884,NA
438.186829,0.2007234,NA
438.544495,0.200279907,NA
438.902069,0.199646914,NA
439.259613,0.198922347,NA
439.617126,0.199013912,NA
439.974609,0.198555903,NA
440.332031,0.197991238,NA
440.689453,0.198111935,NA
441.046814,0.197046321,NA
441.404114,0.196300747,NA
441.761444,0.195338522,NA
442.118652,0.194746554,NA
442.475952,0.194279632,NA
442.833069,0.194218978,NA
443.190216,0.194010671,NA
443.547333,0.192732404,NA
443.904358,0.192440131,NA
444.261383,0.191479143,NA
444.618439,0.190900519,NA
444.975342,0.190593272,NA
445.332245,0.189947873,NA
445.689148,0.189050771,NA
446.045959,0.18831878,NA
446.402802,0.188126612,NA
446.759552,0.187031049,NA
447.116241,0.186236207,NA
447.472992,0.186533411,NA
447.82959,0.185658694,NA
448.186188,0.185592753,NA
448.542816,0.185330548,NA
448.899323,0.184575791,NA
449.255859,0.184254193,NA
449.612305,0.183676627,NA
449.968719,0.183323171,NA
450.325134,0.182690549,NA
450.681458,0.182371854,NA
451.03775,0.182252479,NA
451.394073,0.181497557,NA
451.750275,0.181099342,NA
452.106506,0.180656207,NA
452.462646,0.18023313,NA
452.818726,0.180314004,NA
453.174866,0.180006905,NA
453.530884,0.179952857,NA
453.886871,0.17948739,NA
454.242859,0.179125001,NA
454.598755,0.179269336,NA
454.954712,0.179047317,NA
455.310516,0.179243948,NA
455.666321,0.17941102,NA
456.022125,0.179385891,NA
456.377869,0.179155827,NA
456.733521,0.178944725,NA
457.089264,0.178819187,NA
457.444824,0.17890173,NA
457.800476,0.179345773,NA
458.156006,0.179099906,NA
458.511505,0.178900277,NA
458.867004,0.179079206,NA
459.222412,0.178773162,NA
459.577759,0.17893137,NA
459.933167,0.178744137,NA
460.288452,0.178529462,NA
460.643768,0.178030624,NA
460.998993,0.177645313,NA
461.354187,0.177678407,NA
461.709412,0.177139109,NA
462.064514,0.177183111,NA
462.419586,0.17693587,NA
462.774658,0.176166055,NA
463.129639,0.175715617,NA
463.48465,0.174985056,NA
463.839569,0.174577618,NA
464.194427,0.174084131,NA
464.549347,0.173731466,NA
464.904114,0.173643638,NA
465.258881,0.172981129,NA
465.613678,0.172796364,NA
465.968353,0.172025983,NA
466.323059,0.171063485,NA
466.677673,0.170677667,NA
467.032227,0.170202605,NA
467.386841,0.169709222,NA
467.741302,0.169062202,NA
468.095734,0.168380803,NA
468.450226,0.168099815,NA
468.804565,0.167514109,NA
469.158997,0.166889447,NA
469.513275,0.166250985,NA
469.867554,0.165920612,NA
470.221832,0.165590175,NA
470.575989,0.165038746,NA
470.930145,0.164351027,NA
471.284302,0.164082974,NA
471.638336,0.16362023,NA
471.992432,0.16284969,NA
472.346405,0.162179602,NA
472.700348,0.161512913,NA
473.054321,0.160731522,NA
473.408203,0.159693553,NA
473.762024,0.15900307,NA
474.115875,0.158046858,NA
474.469604,0.157049658,NA
474.823334,0.156557386,NA
475.177063,0.155520762,NA
475.530701,0.154845688,NA
475.884369,0.154507672,NA
476.237915,0.153773214,NA
476.591431,0.153281926,NA
476.944946,0.152736619,NA
477.298401,0.152258933,NA
477.651794,0.151728853,NA
478.005219,0.15153744,NA
478.358551,0.151082097,NA
478.711884,0.150562817,NA
479.065125,0.150321252,NA
479.418304,0.149669623,NA
479.771545,0.149238129,NA
480.124664,0.148869096,NA
480.477753,0.148301451,NA
480.830841,0.148033259,NA
481.183838,0.147738919,NA
481.536896,0.147459013,NA
481.889801,0.147006339,NA
482.242706,0.146831285,NA
482.595612,0.146437568,NA
482.948425,0.145863135,NA
483.301178,0.145702264,NA
483.653992,0.145519033,NA
484.006653,0.145252382,NA
484.359375,0.145187171,NA
484.711975,0.145136291,NA
485.064545,0.145108371,NA
485.417145,0.144836465,NA
485.769653,0.144912737,NA
486.122101,0.144918464,NA
486.474548,0.144856318,NA
486.826935,0.144867673,NA
487.179352,0.144839693,NA
487.531647,0.144729068,NA
487.883881,0.144856335,NA
488.236145,0.144903066,NA
488.588348,0.144901754,NA
488.94046,0.144859197,NA
489.292633,0.144617802,NA
489.644714,0.144455966,NA
489.996796,0.144380405,NA
490.348755,0.144207819,NA
490.700684,0.144085068,NA
491.052643,0.1439502,NA
491.40451,0.143969933,NA
491.756317,0.143974338,NA
492.108185,0.143761533,NA
492.4599,0.143590606,NA
492.811676,0.143463636,NA
493.1633,0.143718307,NA
493.514923,0.143734259,NA
493.866577,0.143809275,NA
494.218109,0.143785313,NA
494.569611,0.14388175,NA
494.921143,0.143767323,NA
495.272552,0.143557446,NA
495.623993,0.143122427,NA
495.975342,0.142914128,NA
496.32663,0.142796787,NA
496.677948,0.142507949,NA
497.029175,0.141900277,NA
497.380341,0.141536106,NA
497.731537,0.141035724,NA
498.082611,0.14089117,NA
498.433746,0.14044724,NA
498.78479,0.140140447,NA
499.135742,0.139734304,NA
499.486725,0.139416818,NA
499.837646,0.139141158,NA
500.188507,0.138353865,NA
500.539368,0.137885404,NA
500.890167,0.137597247,NA
501.240936,0.137155866,NA
501.591644,0.136741017,NA
501.942322,0.136099495,NA
502.292969,0.135595504,NA
502.643555,0.135175688,NA
502.99411,0.134715941,NA
503.344635,0.134099455,NA
503.695099,0.133522064,NA
504.045532,0.133410882,NA
504.395966,0.133202699,NA
504.746277,0.132984883,NA
505.096619,0.132652779,NA
505.446899,0.132479924,NA
505.797089,0.131936481,NA
506.147339,0.131747301,NA
506.497467,0.131413739,NA
506.847565,0.131050379,NA
507.197662,0.13078595,NA
507.547668,0.130635082,NA
507.897705,0.130282443,NA
508.24762,0.129821532,NA
508.597504,0.12946264,NA
508.947418,0.129151733,NA
509.297211,0.12886971,NA
509.646973,0.128864203,NA
509.996765,0.128456183,NA
510.346466,0.128144879,NA
510.696167,0.127855088,NA
511.045746,0.127882349,NA
511.395325,0.127828086,NA
511.744934,0.127575233,NA
512.094421,0.12731226,NA
512.443787,0.127309535,NA
512.793274,0.127127561,NA
513.142578,0.126887322,NA
513.492004,0.126555007,NA
513.841309,0.126446625,NA
514.190491,0.126300638,NA
514.539734,0.126085505,NA
514.888916,0.125815887,NA
515.238037,0.125499065,NA
515.587158,0.125233859,NA
515.936218,0.124773658,NA
516.285278,0.124312564,NA
516.634155,0.123896671,NA
516.983093,0.123415677,NA
517.332031,0.122996934,NA
517.680847,0.122624526,NA
518.029602,0.122302405,NA
518.378479,0.121922312,NA
518.727173,0.121302218,NA
519.075867,0.120676581,NA
519.424438,0.120304087,NA
519.773071,0.120167481,NA
520.121643,0.119740105,NA
520.470154,0.119396924,NA
520.818604,0.11886501,NA
521.167114,0.118518591,NA
521.515442,0.118228262,NA
521.863831,0.11772701,NA
522.212097,0.117329493,NA
522.560364,0.117099986,NA
522.90863,0.116940414,NA
523.256836,0.116452783,NA
523.604919,0.116037932,NA
523.953064,0.115798295,NA
524.301086,0.115497051,NA
524.64917,0.115306759,NA
524.99707,0.114993001,NA
525.345032,0.114641127,NA
525.692993,0.114294069,NA
526.040833,0.114029815,NA
526.38855,0.113716578,NA
526.73645,0.113286706,NA
527.084106,0.113241774,NA
527.431885,0.112842137,NA
527.77948,0.112503738,NA
528.127075,0.112142092,NA
528.47467,0.111841832,NA
528.822205,0.111743265,NA
529.169617,0.111453988,NA
529.517151,0.111311556,NA
529.864502,0.111191386,NA
530.211853,0.111167541,NA
530.559143,0.110944676,NA
530.906372,0.110594128,NA
531.253662,0.11049586,NA
531.60083,0.11023839,NA
531.947998,0.110046644,NA
532.295105,0.109835118,NA
532.642151,0.109588725,NA
532.989197,0.109256961,NA
533.336182,0.109035861,NA
533.683105,0.108658686,NA
534.030029,0.108366149,NA
534.376892,0.108361449,NA
534.723694,0.108207677,NA
535.070496,0.107997472,NA
535.417175,0.10777761,NA
535.763855,0.107654121,NA
536.110535,0.107440232,NA
536.457092,0.107295508,NA
536.803711,0.107269806,NA
537.150269,0.107200806,NA
537.496704,0.107129714,NA
537.84314,0.10681185,NA
538.189514,0.106487082,NA
538.535828,0.106392473,NA
538.882202,0.10635859,NA
539.228455,0.106198245,NA
539.574707,0.105920138,NA
539.920837,0.10593958,NA
540.266968,0.105948631,NA
540.613098,0.1057742,NA
540.959167,0.105535837,NA
541.305176,0.105366668,NA
541.651184,0.105243896,NA
541.99707,0.105065734,NA
542.343018,0.104869071,NA
542.688843,0.104718546,NA
543.034607,0.104687656,NA
543.380371,0.104706733,NA
543.726135,0.1045895,NA
544.071716,0.104398648,NA
544.417419,0.104078399,NA
544.763,0.104046757,NA
545.108521,0.104017527,NA
545.454102,0.104051098,NA
545.7995,0.104103761,NA
546.144958,0.104120062,NA
546.490295,0.104071985,NA
546.835632,0.103822918,NA
547.180969,0.103801511,NA
547.526184,0.103687904,NA
547.87146,0.103599297,NA
548.216553,0.103861443,NA
548.561707,0.103910697,NA
548.906799,0.103823088,NA
549.251831,0.1036845,NA
549.596802,0.103540353,NA
549.941772,0.103334764,NA
550.286682,0.103292551,NA
550.631531,0.103302096,NA
550.976379,0.10312038,NA
551.321167,0.103081095,NA
551.665894,0.102922142,NA
552.01062,0.102684905,NA
552.355225,0.10250154,NA
552.69989,0.102516431,NA
553.044434,0.102286505,NA
553.388977,0.102071913,NA
553.733459,0.101915551,NA
554.077881,0.101614401,NA
554.422302,0.101482281,NA
554.766663,0.101344202,NA
555.110901,0.10102712,NA
555.455261,0.100854426,NA
555.799438,0.100682965,NA
556.143677,0.100399227,NA
556.487793,0.100195845,NA
556.831909,0.100221157,NA
557.175964,0.100138601,NA
557.519897,0.100108997,NA
557.863892,0.100188776,NA
558.207886,0.100065766,NA
558.551697,0.099940606,NA
558.895569,0.100005824,NA
559.23938,0.099951434,NA
559.58313,0.09993835,NA
559.92688,0.099804811,NA
560.270508,0.099688553,NA
560.614075,0.099436984,NA
560.957703,0.099468945,NA
561.301208,0.099208644,NA
561.644775,0.099033638,NA
561.988159,0.099078016,NA
562.331543,0.099196361,NA
562.674988,0.099186602,NA
563.018311,0.099256808,NA
563.361572,0.099338056,NA
563.704773,0.099470281,NA
564.047974,0.099445373,NA
564.391113,0.099759221,NA
564.734253,0.099801919,NA
565.077271,0.100167062,NA
565.420349,0.100319254,NA
565.763245,0.100482246,NA
566.106201,0.100332587,NA
566.449158,0.100241825,NA
566.791931,0.10015793,NA
567.134766,0.100175488,NA
567.477539,0.100418887,NA
567.82019,0.100620772,NA
568.162903,0.10074588,NA
568.505493,0.100927115,NA
568.848083,0.101007395,NA
569.190613,0.101249274,NA
569.533142,0.101663313,NA
569.875549,0.102208198,NA
570.218018,0.102721662,NA
570.560364,0.103131506,NA
570.90271,0.103625403,NA
571.244934,0.103936253,NA
571.587158,0.104332273,NA
571.929382,0.104776265,NA
572.271545,0.105097085,NA
572.613647,0.105540245,NA
572.95575,0.105869212,NA
573.297668,0.106305502,NA
573.639709,0.106674343,NA
573.981628,0.107327295,NA
574.323425,0.10804776,NA
574.665344,0.108552171,NA
575.007141,0.109152816,NA
575.348877,0.109718531,NA
575.690613,0.110429246,NA
576.032227,0.111407574,NA
576.373901,0.112230325,NA
576.715454,0.113230954,NA
577.056946,0.114076787,NA
577.398499,0.115166581,NA
577.739929,0.116019965,NA
578.081299,0.116819241,NA
578.422729,0.117818515,NA
578.763977,0.118936839,NA
579.105347,0.120173934,NA
579.446472,0.121319489,NA
579.787659,0.122383692,NA
580.128845,0.123642097,NA
580.46991,0.12494358,NA
580.810913,0.126078701,NA
581.151978,0.127355622,NA
581.49292,0.128583779,NA
581.833862,0.130202807,NA
582.174683,0.131560024,NA
582.515503,0.133011748,NA
582.856323,0.13437397,NA
583.197021,0.135628929,NA
583.53772,0.136931549,NA
583.878418,0.13825725,NA
584.218994,0.139593497,NA
584.559631,0.140848555,NA
584.900085,0.142297093,NA
585.24054,0.143820798,NA
585.580994,0.145293343,NA
585.921326,0.147050753,NA
586.261719,0.148446872,NA
586.602051,0.150050236,NA
586.942261,0.151527841,NA
587.282471,0.152989822,NA
587.62262,0.154629416,NA
587.962708,0.156202611,NA
588.302856,0.158287088,NA
588.642822,0.160104128,NA
588.982788,0.161777539,NA
589.322815,0.163389493,NA
589.662659,0.165149431,NA
590.002502,0.166877718,NA
590.342346,0.168683197,NA
590.682068,0.170685927,NA
591.021851,0.172669019,NA
591.361511,0.174558039,NA
591.70105,0.176764098,NA
592.040649,0.178403959,NA
592.380188,0.180031896,NA
592.719666,0.182312799,NA
593.059143,0.18442687,NA
593.398499,0.186343368,NA
593.737915,0.188732941,NA
594.077209,0.191141815,NA
594.416443,0.193459928,NA
594.755737,0.196192877,NA
595.09491,0.198787727,NA
595.434021,0.201460161,NA
595.773132,0.204226325,NA
596.112122,0.207288268,NA
596.451233,0.209867389,NA
596.790161,0.213342228,NA
597.129028,0.216616849,NA
597.467896,0.21989536,NA
597.806702,0.222934672,NA
598.145447,0.226573624,NA
598.484253,0.229608027,NA
598.822937,0.233132787,NA
599.16156,0.236187323,NA
599.500122,0.239654489,NA
599.838684,0.243044947,NA
600.177246,0.246771049,NA
600.515625,0.249667996,NA
600.854065,0.252744812,NA
601.192444,0.255967821,NA
601.530762,0.259640498,NA
601.869019,0.262947372,NA
602.207275,0.266539683,NA
602.545471,0.269234833,NA
602.883606,0.271947991,NA
603.22168,0.274546324,NA
603.559753,0.276462792,NA
603.897766,0.278718349,NA
604.235718,0.280336582,NA
604.573669,0.282568741,NA
604.911499,0.284420074,NA
605.249329,0.286060494,NA
605.587097,0.287094411,NA
605.924866,0.288276835,NA
606.262512,0.29008344,NA
606.60022,0.291508106,NA
606.937744,0.292954569,NA
607.275391,0.294959161,NA
607.612854,0.296516791,NA
607.950256,0.297785409,NA
608.28772,0.299026271,NA
608.625061,0.300184966,NA
608.962402,0.301023549,NA
609.299683,0.302622948,NA
609.636902,0.30412229,NA
609.974182,0.305023645,NA
610.311279,0.306033273,NA
610.648315,0.307051838,NA
610.985474,0.307909425,NA
611.322388,0.308851408,NA
611.659363,0.310085946,NA
611.996338,0.310936495,NA
612.33313,0.311638373,NA
612.669983,0.312717587,NA
613.006775,0.313479743,NA
613.343506,0.314155499,NA
613.680237,0.315270912,NA
614.016846,0.316691107,NA
614.353394,0.318242289,NA
614.690002,0.319138707,NA
615.026489,0.319948465,NA
615.362915,0.321430588,NA
615.699402,0.322927768,NA
616.035706,0.324648867,NA
616.37207,0.326179581,NA
616.708313,0.326842942,NA
617.044495,0.328111597,NA
617.380737,0.329278252,NA
617.716858,0.329596453,NA
618.052979,0.329451912,NA
618.388977,0.330379796,NA
618.724976,0.332260322,NA
619.060913,0.333271654,NA
619.396851,0.334034757,NA
619.732666,0.335267508,NA
620.068542,0.336851047,NA
620.404297,0.337423087,NA
620.73999,0.33755786,NA
621.075684,0.337907238,NA
621.411316,0.339742085,NA
621.746948,0.341040866,NA
622.082458,0.342775127,NA
622.417908,0.343225379,NA
622.753418,0.343634055,NA
623.088806,0.343921143,NA
623.424072,0.344682055,NA
623.75946,0.345399196,NA
624.094727,0.347043017,NA
624.429932,0.348811785,NA
624.765015,0.350393971,NA
625.100159,0.351414408,NA
625.435242,0.353431269,NA
625.770264,0.353409349,NA
626.105225,0.354443402,NA
626.440186,0.356938978,NA
626.775085,0.358794863,NA
627.109924,0.360036504,NA
627.444763,0.360826848,NA
627.779419,0.361822862,NA
628.114197,0.362359048,NA
628.448853,0.363659086,NA
628.783386,0.364004898,NA
629.118042,0.364302598,NA
629.452515,0.365571941,NA
629.787048,0.365621839,NA
630.12146,0.365173642,NA
630.45575,0.366682899,NA
630.790161,0.367114192,NA
631.124451,0.367356813,NA
631.458618,0.369236472,NA
631.792847,0.370747746,NA
632.126953,0.372024702,NA
632.461121,0.373892502,NA
632.795105,0.376526598,NA
633.129089,0.37765766,NA
633.463135,0.380269481,NA
633.796997,0.382153355,NA
634.130859,0.382647168,NA
634.464661,0.384161963,NA
634.798401,0.385508148,NA
635.132141,0.385428834,NA
635.465881,0.386161459,NA
635.799438,0.385913479,NA
636.133057,0.386711025,NA
636.466553,0.38509288,NA
636.799988,0.385880451,NA
637.133484,0.386576584,NA
637.466919,0.387988247,NA
637.800293,0.388125795,NA
638.133606,0.388023649,NA
638.466797,0.388123908,NA
638.800049,0.388799897,NA
639.133179,0.389347248,NA
639.466248,0.390462286,NA
639.799316,0.390271767,NA
640.132324,0.391019408,NA
640.465332,0.392702796,NA
640.798218,0.392402836,NA
641.131104,0.391742621,NA
641.463928,0.39289416,NA
641.796692,0.393418701,NA
642.129456,0.394793066,NA
642.462158,0.395490837,NA
642.7948,0.397068623,NA
643.127441,0.397760862,NA
643.459961,0.398975708,NA
643.792419,0.401101111,NA
644.124939,0.401106491,NA
644.457275,0.401971222,NA
644.789673,0.402939642,NA
645.121948,0.404986437,NA
645.454163,0.406568,NA
645.786438,0.407132958,NA
646.118591,0.408410965,NA
646.450745,0.408762682,NA
646.782776,0.410218437,NA
647.114807,0.409621154,NA
647.446777,0.411225991,NA
647.778687,0.410825376,NA
648.110596,0.410945773,NA
648.442444,0.412468135,NA
648.77417,0.410923078,NA
649.105957,0.41256538,NA
649.437683,0.414516033,NA
649.769287,0.416310429,NA
650.100891,0.418881271,NA
650.432434,0.420466062,NA
650.763916,0.421525354,NA
651.095337,0.422945453,NA
651.426819,0.425621662,NA
651.758118,0.427020631,NA
652.089539,0.428115935,NA
652.420715,0.431803909,NA
652.751953,0.434021192,NA
653.08313,0.434330037,NA
653.414185,0.436629458,NA
653.7453,0.437321254,NA
654.076355,0.436533446,NA
654.407288,0.442026605,NA
654.738281,0.444422879,NA
655.069092,0.447025452,NA
655.399902,0.450384014,NA
655.730713,0.454328423,NA
656.061462,0.457303751,NA
656.392151,0.459158615,NA
656.722839,0.46156413,NA
657.053345,0.463379657,NA
657.383972,0.467694084,NA
657.714417,0.468848191,NA
658.044861,0.471320211,NA
658.375305,0.474667606,NA
658.705627,0.477733304,NA
659.035889,0.483582653,NA
659.366211,0.486733519,NA
659.69635,0.488928884,NA
660.026611,0.492553942,NA
660.356689,0.498996156,NA
660.686707,0.503817563,NA
661.016785,0.50428231,NA
661.34668,0.512382991,NA
661.676636,0.518810767,NA
662.006531,0.521497784,NA
662.336304,0.526913248,NA
662.666138,0.52811156,NA
662.99585,0.532631902,NA
663.3255,0.536946156,NA
663.655212,0.539696244,NA
663.984741,0.546160742,NA
664.31427,0.552550302,NA
664.643738,0.557104856,NA
664.973206,0.55819726,NA
665.302612,0.557969834,NA
665.631897,0.559834859,NA
665.961182,0.56425895,NA
666.290527,0.570115329,NA
666.619629,0.573322074,NA
666.948792,0.582337251,NA
667.277893,0.583397563,NA
667.606934,0.582245182,NA
667.935974,0.585864689,NA
668.264893,0.588538131,NA
668.59375,0.591242548,NA
668.922668,0.597471701,NA
669.251465,0.597118343,NA
669.5802,0.597246248,NA
669.908936,0.603384183,NA
670.23761,0.608266148,NA
670.566223,0.60399327,NA
670.894775,0.615365185,NA
671.223267,0.618935764,NA
671.551758,0.615005395,NA
671.880127,0.6242739,NA
672.208496,0.634275718,NA
672.536865,0.624268854,NA
672.865112,0.628813181,NA
673.19342,0.629967774,NA
673.521484,0.625977864,NA
673.84967,0.6238946,NA
674.177734,0.628648059,NA
674.505737,0.625438562,NA
674.83374,0.636707247,NA
675.161682,0.633617671,NA
675.489502,0.626603237,NA
675.817383,0.618167878,NA
676.145142,0.624056609,NA
676.4729,0.618216921,NA
676.800598,0.620112738,NA
677.128174,0.620084009,NA
677.455811,0.616348008,NA
677.783325,0.617777951,NA
678.110779,0.625119888,NA
678.438293,0.620250942,NA
678.765686,0.629106565,NA
679.093018,0.629789488,NA
679.420288,0.640557749,NA
679.747559,0.62953249,NA
680.074768,0.638621153,NA
680.401855,0.654649515,NA
680.728943,0.651850268,NA
681.05603,0.654331269,NA
681.383057,0.639507402,NA
681.709961,0.631413479,NA
682.036865,0.62256452,NA
682.363708,0.61634788,NA
682.690491,0.618493595,NA
683.017273,0.616406394,NA
683.343933,0.625986804,NA
683.670654,0.627833422,NA
683.997192,0.613712442,NA
684.32373,0.619500595,NA
684.65033,0.614491021,NA
684.976746,0.623633272,NA
685.303162,0.618356726,NA
685.629456,0.619018002,NA
685.95575,0.615571643,NA
686.282043,0.625189796,NA
686.608215,0.624117972,NA
686.934387,0.62521904,NA
687.260559,0.620498782,NA
687.586548,0.625345777,NA
687.912659,0.624679359,NA
688.238525,0.631400884,NA
688.564453,0.637718648,NA
688.890381,0.646591225,NA
689.216125,0.649804579,NA
689.54187,0.667542719,NA
689.867615,0.637931857,NA
690.193298,0.633564367,NA
690.518921,0.643084923,NA
690.844482,0.640756323,NA
691.169922,0.638296511,NA
691.495483,0.636464972,NA
691.820862,0.651388116,NA
692.146179,0.657730338,NA
692.471558,0.664351108,NA
692.796753,0.666203766,NA
693.12207,0.663049955,NA
693.447205,0.699128151,NA
693.772278,0.720926949,NA
694.097351,0.699265067,NA
694.422363,0.718294407,NA
694.747314,0.733171228,NA
695.072266,0.733459432,NA
695.397095,0.737659888,NA
695.721924,0.736134222,NA
696.046692,0.748018394,NA
696.371399,0.764643765,NA
696.696106,0.800245419,NA
697.020691,0.796904798,NA
697.345276,0.801446007,NA
697.6698,0.90375337,NA
697.994263,0.928310026,NA
698.318726,0.958272762,NA
698.643066,NA,NA
698.967285,NA,NA
699.291626,0.983242339,NA
699.615784,NA,NA
699.940002,NA,NA
700.26416,NA,NA
700.588135,NA,NA
700.91217,NA,NA
701.236145,NA,NA
701.559998,NA,NA
701.883911,NA,NA
702.207764,NA,NA
702.531494,NA,NA
702.855225,NA,NA
703.178833,NA,NA
703.502502,NA,NA
703.82605,NA,NA
704.149536,NA,NA
704.473083,NA,NA
704.796448,NA,NA
705.119751,NA,NA
705.443115,NA,NA
705.766357,NA,NA
706.089539,NA,NA
706.41272,NA,NA
706.73584,NA,NA
707.05896,NA,NA
707.381897,NA,NA
707.704834,NA,NA
708.027771,NA,NA
708.350647,NA,NA
708.673401,NA,NA
708.996216,NA,NA
709.318848,NA,NA
709.641602,NA,NA
709.964172,NA,NA
710.286621,NA,NA
710.609192,NA,NA
710.931641,NA,NA
711.254028,NA,NA
711.576416,NA,NA
711.898682,NA,NA
712.220947,NA,NA
712.543152,NA,NA
712.865234,NA,NA
713.187378,NA,NA
713.509399,NA,NA
713.831421,NA,NA
714.15332,NA,NA
714.47522,NA,NA
714.797119,NA,NA
715.118835,NA,NA
715.440552,NA,NA
715.762329,NA,NA
716.083923,NA,NA
716.405518,NA,NA
716.727051,NA,NA
717.048523,NA,NA
717.369995,NA,NA
717.691345,NA,NA
718.012634,NA,NA
718.333923,NA,NA
718.655151,NA,NA
718.976318,NA,NA
719.297485,NA,NA
719.61853,NA,NA
719.939575,NA,NA
720.260559,NA,NA
720.581421,NA,NA
720.902344,NA,NA
721.223145,NA,NA
721.543884,NA,NA
721.864624,NA,NA
722.185242,NA,NA
722.50592,NA,NA
722.826477,NA,NA
723.146912,NA,NA
723.467468,NA,NA
723.787842,NA,NA
724.108154,NA,NA
724.428528,NA,NA
724.748718,NA,NA
725.069031,NA,NA
725.389099,NA,NA
725.709229,NA,NA
726.029236,NA,NA
726.349243,NA,NA
726.669189,NA,NA
726.989075,NA,NA
727.308899,NA,NA
727.628723,NA,NA
727.948425,NA,NA
728.268066,NA,NA
728.587769,NA,NA
728.907349,NA,NA
729.226807,NA,NA
729.546326,NA,NA
729.865784,NA,NA
730.185181,NA,NA
730.504456,NA,NA
730.82373,NA,NA
731.143005,NA,NA
731.462097,NA,NA
731.781189,NA,NA
732.100342,NA,NA
732.419312,NA,NA
732.73822,NA,NA
733.05719,NA,NA
733.376038,NA,NA
733.694824,NA,NA
734.013611,NA,NA
734.332275,NA,NA
734.651001,NA,NA
734.969604,NA,NA
735.288086,NA,NA
735.606628,NA,NA
735.925049,NA,NA
736.243469,NA,NA
736.561768,NA,NA
736.880005,NA,NA
737.198303,NA,NA
737.516418,NA,NA
737.834534,NA,NA
738.152649,NA,NA
738.470642,NA,NA
738.788696,NA,NA
739.106567,NA,NA
739.424438,NA,NA
739.74231,NA,NA
740.060059,NA,NA
740.377686,NA,NA
740.695435,NA,NA
741.012939,NA,NA
741.330566,NA,NA
741.648071,NA,NA
741.965454,NA,NA
742.282898,NA,NA
742.60022,NA,NA
742.91748,NA,NA
743.234802,NA,NA
743.551941,NA,NA
743.869141,NA,NA
744.186218,NA,NA
744.503174,NA,NA
744.82019,NA,NA
745.137146,NA,NA
745.453918,NA,NA
745.770813,NA,NA
746.087585,NA,NA
746.404297,NA,NA
746.720947,NA,NA
747.037537,NA,NA
747.354126,NA,NA
747.670593,NA,NA
747.987061,NA,NA
748.303467,NA,NA
748.619812,NA,NA
748.936096,NA,NA
749.25238,NA,NA
749.568481,NA,NA
749.884705,NA,NA
750.200745,NA,NA
750.516724,NA,NA
750.832764,NA,NA
751.148682,NA,NA
751.4646,NA,NA
751.780396,NA,NA
752.09613,NA,NA
752.411865,NA,NA
752.727478,NA,NA
753.043091,NA,NA
753.358643,NA,NA
753.674194,NA,NA
753.989624,NA,NA
754.304993,NA,NA
754.6203,NA,NA
754.935608,NA,NA
755.250854,NA,NA
755.56604,NA,NA
755.881226,NA,NA
756.196228,NA,NA
756.511292,NA,NA
756.826233,NA,NA
757.141113,NA,NA
757.456055,NA,NA
757.770813,NA,NA
758.085571,NA,NA
758.400269,NA,NA
758.714905,NA,NA
759.029541,NA,NA
759.344055,NA,NA
759.658569,NA,NA
759.973022,NA,NA
760.287354,NA,NA
760.601685,NA,NA
760.916016,NA,NA
761.230225,NA,NA
761.544373,NA,NA
761.858459,NA,NA
762.172485,NA,NA
762.486572,NA,NA
762.800537,NA,NA
763.11438,NA,NA
763.428284,NA,NA
763.742065,NA,NA
764.055786,NA,NA
764.369507,NA,NA
764.683167,NA,NA
764.996765,NA,NA
765.310242,NA,NA
765.623657,NA,NA
765.937134,NA,NA
766.250488,NA,NA
766.563782,NA,NA
766.877075,NA,NA
767.190247,NA,NA
767.503418,NA,NA
767.816528,NA,NA
768.129578,NA,NA
768.442627,NA,NA
768.755493,NA,NA
769.068359,NA,NA
769.381226,NA,NA
769.69397,NA,NA
770.006775,NA,NA
770.319397,NA,NA
770.631958,NA,NA
770.94458,NA,NA
771.257019,NA,NA
771.569519,NA,NA
771.881958,NA,NA
772.194214,NA,NA
772.506531,NA,NA
772.818787,NA,NA
773.13092,NA,NA
773.443115,NA,NA
773.755127,NA,NA
774.067139,NA,NA
774.37915,NA,NA
774.69104,NA,NA
775.00293,NA,NA
775.314697,NA,NA
775.626465,NA,NA
775.938171,NA,NA
776.249817,NA,NA
776.561401,NA,NA
776.872925,NA,NA
777.184387,NA,NA
777.49585,NA,NA
777.80719,NA,NA
778.118469,NA,NA
778.42981,NA,NA
778.740967,NA,NA
779.052124,NA,NA
779.363281,NA,NA
779.674255,NA,NA
779.985291,NA,NA
780.296204,NA,NA
780.607056,NA,NA
780.917969,NA,NA
781.228699,NA,NA
781.539368,NA,NA
781.850098,NA,NA
782.160645,NA,NA
782.471252,NA,NA
782.781677,NA,NA
783.092163,NA,NA
783.402588,NA,NA
783.712891,NA,NA
784.023132,NA,NA
784.333374,NA,NA
784.643555,NA,NA
784.953735,NA,NA
785.263733,NA,NA
785.57373,NA,NA
785.883728,NA,NA
786.193604,NA,NA
786.503418,NA,NA
786.813232,NA,NA
787.122986,NA,NA
787.432617,NA,NA
787.74231,NA,NA
788.051819,NA,NA
788.361389,NA,NA
788.670837,NA,NA
788.980164,NA,NA
789.289551,NA,NA
789.598877,NA,NA
789.908081,NA,NA
790.217285,NA,NA
790.526367,NA,NA
790.83551,NA,NA
791.144531,NA,NA
791.453491,NA,NA
791.76239,NA,NA
792.071289,NA,NA
792.380005,NA,NA
792.688782,NA,NA
792.997498,NA,NA
793.306091,NA,NA
793.614685,NA,NA
793.923218,NA,NA
794.231689,NA,NA
794.5401,NA,NA
794.848389,NA,NA
795.156738,NA,NA
795.465027,NA,NA
795.773254,NA,NA
796.08136,NA,NA
796.389404,NA,NA
796.69751,NA,NA
797.005432,NA,NA
797.313293,NA,NA
797.621216,NA,NA
797.929016,NA,NA
798.236755,NA,NA
798.544495,NA,NA
798.852051,NA,NA
799.159668,NA,NA
799.467224,NA,NA
799.774597,NA,NA
800.082153,NA,NA
800.389404,NA,NA
800.696838,NA,NA
801.003967,NA,NA
801.311218,NA,NA
801.618347,NA,NA
801.925415,NA,NA
802.232483,NA,NA
802.539429,NA,NA
802.846313,NA,NA
803.153198,NA,NA
803.460022,NA,NA
803.766785,NA,NA
804.073486,NA,NA
804.380127,NA,NA
804.686646,NA,NA
804.993225,NA,NA
805.299622,NA,NA
805.60614,NA,NA
805.912476,NA,NA
806.21875,NA,NA
806.525085,NA,NA
806.831177,NA,NA
807.137329,NA,NA
807.443481,NA,NA
807.749451,NA,NA
808.05542,NA,NA
808.361328,NA,NA
808.667175,NA,NA
808.973022,NA,NA
809.278748,NA,NA
809.584412,NA,NA
809.890076,NA,NA
810.195618,NA,NA
810.501221,NA,NA
810.806641,NA,NA
811.112,NA,NA
811.417419,NA,NA
811.722656,NA,NA
812.027893,NA,NA
812.33313,NA,NA
812.638184,NA,NA
812.943237,NA,NA
813.248291,NA,NA
813.553284,NA,NA
813.858215,NA,NA
814.163025,NA,NA
814.467773,NA,NA
814.772583,NA,NA
815.077209,NA,NA
815.381836,NA,NA
815.686401,NA,NA
815.990906,NA,NA
816.295349,NA,NA
816.599792,NA,NA
816.904053,NA,NA
817.208374,NA,NA
817.512634,NA,NA
817.816772,NA,NA
818.120972,NA,NA
818.424927,NA,NA
818.729004,NA,NA
819.032898,NA,NA
819.336792,NA,NA
819.640686,NA,NA
819.944397,NA,NA
820.248108,NA,NA
820.551819,NA,NA
820.855408,NA,NA
821.158997,NA,NA
821.462463,NA,NA
821.765869,NA,NA
822.069275,NA,NA
822.372559,NA,NA
822.675842,NA,NA
822.979065,NA,NA
823.282166,NA,NA
823.585327,NA,NA
823.888367,NA,NA
824.191284,NA,NA
824.494263,NA,NA
824.797058,NA,NA
825.099915,NA,NA
825.402649,NA,NA
825.705383,NA,NA
826.007996,NA,NA
826.310608,NA,NA
826.613098,NA,NA
826.915588,NA,NA
827.218018,NA,NA
827.520325,NA,NA
827.822693,NA,NA
828.124878,NA,NA
828.427124,NA,NA
828.729187,NA,NA
829.03125,NA,NA
829.333313,NA,NA
829.635193,NA,NA
829.937134,NA,NA
830.239014,NA,NA
830.540771,NA,NA
830.842529,NA,NA
831.144165,NA,NA
831.44574,NA,NA
831.747375,NA,NA
832.048828,NA,NA
832.350281,NA,NA
832.651672,NA,NA
832.952942,NA,NA
833.254272,NA,NA
833.555481,NA,NA
833.856628,NA,NA
834.157715,NA,NA
834.45874,NA,NA
834.759705,NA,NA
835.060669,NA,NA
835.361511,NA,NA
835.662354,NA,NA
835.963074,NA,NA
836.263733,NA,NA
836.564392,NA,NA
836.86499,NA,NA
837.165527,NA,NA
837.466003,NA,NA
837.766418,NA,NA
838.066711,NA,NA
838.367065,NA,NA
838.667236,NA,NA
838.967468,NA,NA
839.267517,NA,NA
839.567627,NA,NA
839.867615,NA,NA
840.167542,NA,NA
840.467407,NA,NA
840.767273,NA,NA
841.067078,NA,NA
841.366821,NA,NA
841.666443,NA,NA
841.966003,NA,NA
842.265625,NA,NA
842.565063,NA,NA
842.864441,NA,NA
843.163879,NA,NA
843.463196,NA,NA
843.762451,NA,NA
844.061646,NA,NA
844.360718,NA,NA
844.659851,NA,NA
844.958862,NA,NA
845.257751,NA,NA
845.556702,NA,NA
845.85553,NA,NA
846.154358,NA,NA
846.453064,NA,NA
846.75177,NA,NA
847.050415,NA,NA
847.348877,NA,NA
847.6474,NA,NA
847.945862,NA,NA
848.244202,NA,NA
848.542603,NA,NA
848.84082,NA,NA
849.138977,NA,NA
849.437195,NA,NA
849.735229,NA,NA
850.033264,NA,NA
850.331299,NA,NA
850.629211,NA,NA
850.927063,NA,NA
851.224854,NA,NA
851.522583,NA,NA
851.820313,NA,NA
852.11792,NA,NA
852.415405,NA,NA
852.712952,NA,NA
853.010437,NA,NA
853.3078,NA,NA
853.605164,NA,NA
853.902405,NA,NA
854.199646,NA,NA
854.496765,NA,NA
854.793823,NA,NA
855.090942,NA,NA
855.387939,NA,NA
855.684814,NA,NA
855.981689,NA,NA
856.278442,NA,NA
856.575317,NA,NA
856.871887,NA,NA
857.168518,NA,NA
857.465149,NA,NA
857.761658,NA,NA
858.058105,NA,NA
858.354492,NA,NA
858.650818,NA,NA
858.947144,NA,NA
859.243286,NA,NA
859.539429,NA,NA
859.835571,NA,NA
860.131592,NA,NA
860.427612,NA,NA
860.723511,NA,NA
861.019348,NA,NA
861.315247,NA,NA
861.610962,NA,NA
861.906616,NA,NA
862.202271,NA,NA
862.497803,NA,NA
862.793396,NA,NA
863.088806,NA,NA
863.384155,NA,NA
863.679504,NA,NA
863.974792,NA,NA
864.269958,NA,NA
864.565186,NA,NA
864.860229,NA,NA
865.155273,NA,NA
865.450317,NA,NA
865.745178,NA,NA
866.0401,NA,NA
866.3349,NA,NA
866.629639,NA,NA
866.924316,NA,NA
867.218933,NA,NA
867.513428,NA,NA
867.808044,NA,NA
868.102417,NA,NA
868.396851,NA,NA
868.691162,NA,NA
868.985413,NA,NA
869.279663,NA,NA
869.57373,NA,NA
869.867798,NA,NA
870.161926,NA,NA
870.455872,NA,NA
870.749817,NA,NA
871.04364,NA,NA
871.337463,NA,NA
871.631165,NA,NA
871.924805,NA,NA
872.218445,NA,NA
872.512024,NA,NA
872.805481,NA,NA
873.098999,NA,NA
873.392334,NA,NA
873.685608,NA,NA
873.978882,NA,NA
874.272095,NA,NA
874.565186,NA,NA
874.858337,NA,NA
875.151367,NA,NA
875.444336,NA,NA
875.737183,NA,NA
876.029968,NA,NA
876.322815,NA,NA
876.615479,NA,NA
876.908142,NA,NA
877.200806,NA,NA
877.493347,NA,NA
877.785828,NA,NA
878.078247,NA,NA
878.370544,NA,NA
878.662964,NA,NA
878.955139,NA,NA
879.247314,NA,NA
879.539429,NA,NA
879.831543,NA,NA
880.123535,NA,NA
880.415405,NA,NA
880.707336,NA,NA
880.999207,NA,NA
881.290894,NA,NA
881.582581,NA,NA
881.874268,NA,NA
882.165833,NA,NA
882.457397,NA,NA
882.74884,NA,NA
883.040222,NA,NA
883.331604,NA,NA
883.622864,NA,NA
883.914001,NA,NA
884.2052,NA,NA
884.496277,NA,NA
884.787415,NA,NA
885.078369,NA,NA
885.369263,NA,NA
885.660156,NA,NA
885.950928,NA,NA
886.241638,NA,NA
886.532349,NA,NA
886.822937,NA,NA
887.113525,NA,NA
887.404053,NA,NA
887.694458,NA,NA
887.984802,NA,NA