"UNC_Marchetti_diatom_cultures_IP-DAG_pmol_totals.csv, mass data for certain IP-DAG identified in West Antarctic diatom isolates provided by A. Marchetti and C. Moreno, University of North Carolina",,,,,,,,,,,,,,,,,,,,,,,,,,,,,,,,,,,,,,,,,,,,,,,
"Identifications were made by J. Collins, james.r.collins@aya.yale.edu, using v1.1.1 of the LOBSTAHS lipidomics software package for R",,,,,,,,,,,,,,,,,,,,,,,,,,,,,,,,,,,,,,,,,,,,,,,
Quantification was performed using authentic standards as described in J. Collins' Ph.D. thesis,,,,,,,,,,,,,,,,,,,,,,,,,,,,,,,,,,,,,,,,,,,,,,,
"Values in columns 14-22 of this file are in units of total picomoles per extract (from modified Bligh and Dyer extract of entire culture sample on GF/F filter, with scaling based on observed quantity of internal standard); NA = not detected",,,,,,,,,,,,,,,,,,,,,,,,,,,,,,,,,,,,,,,,,,,,,,,
,match_ID,compound_name,elem_formula,LOBdbase_mz,peakgroup_mz,LOBdbase_ppm_match,peakgroup_rt,peakgroup_mzmin,peakgroup_mzmax,peakgroup_rtmin,peakgroup_rtmax,cultures,QC,Marchetti_diatom_culture_extract_A_act_1_QE002909,Marchetti_diatom_culture_extract_A_act_2_QE002910,Marchetti_diatom_culture_extract_Ch_sp_DNA_QE002911,Marchetti_diatom_culture_extract_F_cyl_1_QE002907,Marchetti_diatom_culture_extract_F_cyl_1_QE002908,Marchetti_diatom_culture_extract_Thalass_1_QE002905,Marchetti_diatom_culture_extract_Thalass_2_QE002906,QC_QE002903,QC_QE002915,xcms_peakgroup,CAMERA_pseudospectrum,LOBdbase_frag_ID,LOBdbase_exact_parent_neutral_mass,lipid_class,species,major_adduct,FA_total_no_C,FA_total_no_DB,degree_oxidation,C1,C1x,C2a,C2b,C3c,C3f,C3r,C4,C5,C6a,C6b,casecodes,iso_C3r.match_ID,iso_C3f.match_ID,iso_C3c.match_ID
197,8,SQDG 36:8,C45H70O12S1,852.4926245,852.492451,0.203529781,621.1828168,852.4921762,852.4926156,619.6403819,625.1102486,5,0,NA,NA,283.6239733,NA,92.13558665,6.166199568,4.122014872,0,0,16974,3,46389,834.4587989,IP_DAG,SQDG,[M+NH4]+,36,8,0,0,0,1,0,0,0,1,0,0,0,0,C2a; C3r,"8, 2271",,
267,10,PG 32:5,C38H65O10P1,730.4653609,730.4652994,0.084125451,610.7725547,730.4644433,730.4653164,610.4610388,614.0338459,3,0,NA,NA,NA,NA,NA,14.10511135,9.442773413,0,0,11336,3,28839,712.4315353,IP_DAG,PG,[M+NH4]+,32,5,0,0,0,1,0,0,1,1,0,0,0,0,C2a; C3f; C3r,"10, 624, 739","10, 21",
269,11,MGDG 32:8,C41H62O10,732.4681243,732.4682625,-0.188682054,617.6266187,732.4680671,732.4683666,616.2492801,617.8291688,7,0,95.96629876,89.50891997,114.9389375,NA,NA,5.025887118,NA,0,0,11405,3,52780,714.4342987,IP_DAG,MGDG,[M+NH4]+,32,8,0,0,0,0,1,0,0,1,0,0,0,0,C2b; C3r,"11, 1726",,
302,13,SQDG 30:4,C39H66O12S1,776.4613244,776.4612266,0.125892406,610.7725547,776.4610774,776.4618826,609.6116145,610.9922994,7,0,NA,30.15465172,3516.289014,NA,58.16440736,18.06843916,8.402587872,0,0,13184,3,44679,758.4274988,IP_DAG,SQDG,[M+NH4]+,30,4,0,0,0,1,0,0,0,1,0,0,0,0,C2a; C3r,"13, 2883",,
375,14,DGDG 32:7,C47H74O15,896.5365979,896.5367056,-0.120145486,616.426039,896.5362829,896.539358,612.7545494,617.6375254,6,0,59.13134456,64.6517168,NA,NA,NA,13.68393456,5.500420291,0,0,19411,3,8677,878.5027723,IP_DAG,DGDG,[M+NH4]+,32,7,0,0,0,1,0,0,0,1,0,0,0,0,C2a; C3r,"14, 1959",,
329,30,PG 38:10,C44H67O10P1,804.481011,804.4810445,-0.041661658,603.652347,804.4792435,804.4810632,600.8057632,603.9253856,3,0,NA,NA,NA,NA,NA,15.35560742,9.060434849,0,0,14468,3,30699,786.4471854,IP_DAG,PG,[M+NH4]+,38,10,0,1,0,0,0,0,1,1,0,0,0,0,C1; C3f; C3r,"30, 1451","30, 31",
1104,51,MGDG 36:9,C45H68O10,786.5150745,786.5150203,0.068880073,706.0102871,786.5146073,786.5151787,705.0814917,706.7347907,7,0,1342.210281,1202.510401,1573.875712,2210.349435,7250.519854,11.47602607,6.021659118,0,0,13649,6,53730,768.4812489,IP_DAG,MGDG,[M+NH4]+,36,9,0,0,0,1,0,0,0,0,0,0,0,0,C2a,,,
49,54,SQDG 36:6,C45H74O12S1,856.5239247,856.5229315,1.159557085,706.1174188,856.5226464,856.5232166,705.9404329,706.2944046,2,0,NA,NA,272.0416477,83.30689756,217.9275581,NA,NA,171871.2679,86497.3391,17216,6,46329,838.4900991,IP_DAG,SQDG,[M+NH4]+,36,6,0,0,0,1,0,0,0,1,0,0,0,0,C2a; C3r,"54, 1352, 2586",,
131,55,DGDG 32:5,C47H78O15,900.567898,900.5676885,0.232653894,703.9598165,900.5668022,900.5704636,690.2195731,712.5842183,7,0,48.39957462,52.99806273,195.6697175,NA,NA,7.137248173,NA,0,0,19622,6,8627,882.5340724,IP_DAG,DGDG,[M+NH4]+,32,5,0,0,0,1,0,0,0,0,0,0,0,0,C2a,,,
652,56,DGDG 36:8,C51H80O15,950.5835481,950.5830138,0.562076594,705.9404329,950.5824839,950.5844107,696.3054794,707.9161699,7,0,247.6398424,241.0055671,659.7052455,433.5253178,1386.804558,21.50501518,7.629602176,0,0,22208,6,9627,932.5497225,IP_DAG,DGDG,[M+NH4]+,36,8,0,0,0,1,0,0,0,0,0,0,0,0,C2a,,,
24,84,DGDG 32:6,C47H76O15,898.5522479,898.5501506,2.334156255,1001.120419,898.5494766,898.5508958,1000.081936,1001.933326,7,0,38.15207512,36.95772687,982.9290002,94.05114423,316.0746159,492.6835161,353.2450751,0,0,19514,7,8652,880.5184223,IP_DAG,DGDG,[M+NH4]+,32,6,0,1,0,0,0,0,0,1,0,0,0,0,C1; C3r,"84, 1391",,
401,86,SQDG 44:7,C53H88O12S1,966.6334752,966.6336917,-0.223894987,1001.687327,966.6329288,966.6344487,1000.202237,1003.377891,6,0,NA,NA,73.01328818,NA,NA,14.29589752,10.13092446,0,0,22945,7,48819,948.5996497,IP_DAG,SQDG,[M+NH4]+,44,7,0,1,0,0,0,1,0,0,0,0,0,0,C1; C3c,,,"85, 86"
48,87,SQDG 46:7,C55H92O12S1,994.6647754,994.6625798,2.207387327,1001.120419,994.6617027,994.6629589,1000.081936,1001.933326,7,0,NA,NA,215.1383271,NA,53.91678987,73.63658745,57.87348736,0,0,24104,7,49479,976.6309498,IP_DAG,SQDG,[M+NH4]+,46,7,0,1,0,0,0,0,0,0,0,0,0,0,C1,,,
271,117,SQDG 26:3,C35H60O12S1,722.4143741,722.4139139,0.637079183,523.1432597,722.4131379,722.4145734,522.2560244,524.729947,7,0,NA,NA,159.2285283,NA,NA,42.47509422,37.35451817,0,0,11036,10,43749,704.3805485,IP_DAG,SQDG,[M+NH4]+,26,3,0,1,0,0,0,0,0,1,0,0,0,0,C1; C3r,"20, 117, 2751",,
1383,184,SQDG 42:2,C51H94O12S1,948.6804255,948.6806442,-0.230576158,1113.206443,948.6767441,948.6845444,1112.004136,1114.40875,2,0,NA,NA,23183.51273,NA,NA,NA,NA,0,57500.63615,22125,14,48039,930.6465999,IP_DAG,SQDG,[M+NH4]+,42,2,0,1,0,0,0,0,0,0,0,0,0,0,C1,,,
1117,219,PG 36:6,C42H71O10P1,784.5123111,784.5119859,0.414521501,764.3498331,784.5116481,784.5123921,763.782228,765.6973045,7,0,897.6518265,1058.001988,893.8338516,515.4774286,2058.35155,56.0202235,33.03781388,0,0,13564,17,29979,766.4784856,IP_DAG,PG,[M+NH4]+,36,6,0,0,0,0,1,0,1,1,0,0,0,0,C2b; C3f; C3r,"219, 320, 1342, 2409","219, 226",
28,220,PC 40:10,C48H76N1O8P1,826.538132,826.5377125,0.507536643,764.3498331,826.5371058,826.5382382,763.782228,765.6973045,7,0,306.0368361,285.0380298,47.98377044,250.9874175,860.6269225,7.904597349,NA,196848.8089,0,15589,17,38402,825.5308555,IP_DAG,PC,[M+H]+,40,10,0,0,0,0,1,0,0,0,0,0,0,0,C2b,,,
444,221,SQDG 36:5,C45H76O12S1,858.5395748,858.5391361,0.510891701,761.9368705,858.5385159,858.5393862,756.7568064,763.782228,7,0,NA,NA,539.6345179,138.8684157,408.3825091,NA,NA,48737.08415,0,17355,17,46299,840.5057492,IP_DAG,SQDG,[M+NH4]+,36,5,0,0,0,1,0,0,0,1,0,0,0,0,C2a; C3r,"221, 2585",,
107,222,PG 30:1,C36H69O10P1,710.4966611,710.496579,0.115514717,766.9801274,710.4960833,710.4968109,766.0404683,770.2088179,7,0,723.3037631,677.1118027,189.8567296,289.2440967,1680.349523,39.12909649,19.21716323,0,0,10595,17,28239,692.4628355,IP_DAG,PG,[M+NH4]+,30,1,0,0,0,1,0,0,1,1,0,0,0,0,C2a; C3f; C3r,"222, 943","222, 233",
1262,224,PC 36:7,C44H74N1O8P1,776.5224819,776.5224045,0.099713343,760.296088,776.522311,776.5227277,759.0091048,772.763133,7,0,30.54318074,NA,NA,NA,NA,NA,NA,0,0,13197,17,37327,775.5152054,IP_DAG,PC,[M+H]+,36,7,0,0,0,1,0,0,0,0,0,0,0,0,C2a,,,
1222,235,PG 34:4,C40H71O10P1,760.5123111,760.5120332,0.365421749,766.9706929,760.5117445,760.5125311,763.4704987,774.2017972,6,2,NA,NA,NA,NA,51.61416536,NA,NA,3687640.857,3799721.986,12530,17,29349,742.4784856,IP_DAG,PG,[M+NH4]+,34,4,0,1,0,0,0,0,1,0,0,0,0,0,C1; C3f,,"235, 236",
1118,243,PE 36:6,C41H70N1O8P1,736.4911817,736.4912533,-0.097163576,826.839154,736.4909268,736.4915432,825.5676581,828.1076612,7,0,NA,NA,NA,NA,NA,11.40175765,6.597773676,0,1233518.447,11578,18,22782,735.4839053,IP_DAG,PE,[M+H]+,36,6,0,0,0,1,0,0,0,0,0,0,0,0,C2a,,,
1410,245,PC 38:7,C46H78N1O8P1,804.5537821,804.5536266,0.193246594,827.8222383,804.5533835,804.5537031,826.4572298,845.4953135,7,0,804.2700695,740.4290505,NA,48.73365534,158.6663129,6.060384138,NA,0,0,14483,18,37827,803.5465056,IP_DAG,PC,[M+H]+,38,7,0,0,0,0,1,0,0,1,0,0,0,0,C2b; C3r,"245, 2785",,
953,251,PG 30:0,C36H71O10P1,712.5123111,712.5123475,-0.051046626,828.7249223,712.5117777,712.5125905,826.839154,831.112126,7,0,NA,NA,NA,NA,38.22429653,62.51476417,41.69612153,118054.6438,157445.4247,10674,18,28209,694.4784856,IP_DAG,PG,[M+NH4]+,30,0,0,0,0,0,1,0,0,0,0,0,0,0,C2b,,,
68,261,DGDG 36:5,C51H86O15,956.6304983,956.6313574,-0.898063444,826.8810321,956.6301494,956.6324685,825.949371,827.2284119,2,2,54.0802305,44.96181634,NA,NA,NA,NA,NA,3431610.767,3607007.392,22487,18,9552,938.5966727,IP_DAG,DGDG,[M+NH4]+,36,5,0,1,0,0,0,0,0,1,0,0,0,0,C1; C3r,"261, 1054, 1332, 1474",,
482,275,PC 44:0,C52H104N1O8P1,902.7572331,902.7593368,-2.330277,1169.076035,902.7591364,902.7595372,1168.44229,1169.70978,2,0,NA,NA,NA,NA,NA,82.60655884,63.43287412,0,0,19761,19,39202,901.7499566,IP_DAG,PC,[M+H]+,44,0,0,1,0,0,0,0,0,0,0,0,0,0,C1,,,
59,276,MGDG 44:4,C53H94O10,908.7185256,908.7181192,0.447193527,1169.076035,908.7180027,908.7182357,1168.44229,1169.70978,2,0,NA,NA,NA,NA,NA,17.89284756,13.59533994,0,0,20088,19,55655,890.6847,IP_DAG,MGDG,[M+NH4]+,44,4,0,1,0,0,0,0,1,1,0,0,0,0,C1; C3f; C3r,"276, 667","276, 277",
853,310,MGDG 44:6,C53H90O10,904.6872254,904.6876123,-0.427652829,1036.319886,904.6860563,904.6876372,1034.480322,1036.369197,3,0,NA,NA,NA,NA,NA,9.461926862,6.83887024,0,0,19856,20,55705,886.6533998,IP_DAG,MGDG,[M+NH4]+,44,6,0,1,0,0,0,0,1,0,0,0,0,0,C1; C3f,,"310, 311",
1122,320,PG 36:6,C42H71O10P1,784.5123111,784.5133811,-1.363878968,734.6261989,784.5121325,784.5139263,721.8017518,735.3258994,5,0,89.91144895,78.10515819,231.2887824,61.41512099,273.9616301,23.24677073,11.66787027,0,0,13565,21,29979,766.4784856,IP_DAG,PG,[M+NH4]+,36,6,0,0,0,1,0,0,1,1,0,0,0,0,C2a; C3f; C3r,"219, 320, 1342, 2409","320, 326",
8,321,PC 38:9,C46H74N1O8P1,800.5224819,800.5222365,0.306554207,735.2755002,800.5219413,800.5225496,734.6836035,738.9824897,7,0,118.0564902,110.5501144,NA,237.3720658,756.4968815,NA,NA,0,0,14284,21,37877,799.5152054,IP_DAG,PC,[M+H]+,38,9,0,0,0,1,0,0,0,0,0,0,0,0,C2a,,,
1313,361,SQDG 46:6,C55H94O12S1,996.6804255,996.6791388,1.291011709,1093.825234,996.6742206,996.6840569,1090.168248,1097.482221,2,0,NA,NA,2405.266091,NA,NA,NA,NA,0,0,24184,22,49449,978.6465999,IP_DAG,SQDG,[M+NH4]+,46,6,0,1,0,0,0,0,0,0,0,0,0,0,C1,,,
108,364,PG 34:5,C40H69O10P1,758.4966611,758.4972004,-0.711076159,720.3819003,758.4965858,758.4989859,713.8859272,724.0681809,7,0,NA,NA,141.3882245,143.2337716,595.5815419,11.36832764,4.428092225,0,0,12444,23,29379,740.4628355,IP_DAG,PG,[M+NH4]+,34,5,0,0,0,0,1,0,1,1,0,0,0,0,C2b; C3f; C3r,"364, 609, 2678","364, 369",
1295,366,PG 38:7,C44H73O10P1,810.5279612,810.5284174,-0.562837118,722.6492454,810.5276468,810.5284687,721.8017518,723.0269155,3,0,NA,NA,NA,NA,NA,41.96894839,28.68694125,0,28386.78144,14776,23,30609,792.4941356,IP_DAG,PG,[M+NH4]+,38,7,0,0,0,1,0,0,1,1,0,0,0,0,C2a; C3f; C3r,"366, 849, 2216","366, 372",
1252,367,SQDG 32:3,C41H72O12S1,806.5082746,806.5080616,0.264087472,719.3683434,806.5074404,806.5088574,710.7625493,721.0621369,7,2,183.1639197,167.7897409,157.9310716,NA,123.7930613,NA,NA,12904513.93,13349108.98,14568,23,45129,788.474449,IP_DAG,SQDG,[M+NH4]+,32,3,0,0,0,1,0,0,0,1,0,0,0,0,C2a; C3r,"367, 2416",,
1384,373,SQDG 34:4,C43H74O12S1,832.5239247,832.5238888,0.043057166,721.435745,832.5238703,832.5239073,720.6521292,722.2193608,0,2,NA,NA,NA,36.60067887,105.9542674,11.66458069,NA,2893863.864,3083224.676,15890,23,45699,814.4900991,IP_DAG,SQDG,[M+NH4]+,34,4,0,1,0,0,0,0,0,1,0,0,0,0,C1; C3r,"373, 1133",,
295,458,SQDG 30:2,C39H70O12S1,780.4926245,780.492654,-0.037833207,684.8838518,780.4926463,780.4928399,684.0506555,685.9019659,4,0,84.13275233,84.07000112,683.5617487,43.38012053,145.905558,6.620961242,NA,0,0,13378,30,44619,762.4587989,IP_DAG,SQDG,[M+NH4]+,30,2,0,0,0,1,0,0,0,1,0,0,0,0,C2a; C3r,"458, 1341",,
448,460,SQDG 34:5,C43H72O12S1,830.5082746,830.5080943,0.217111044,684.0506555,830.5079092,830.5082971,683.368964,691.8776197,7,0,NA,NA,13494.35577,1713.469195,5823.019929,23.84390554,17.23657824,353961.2633,319406.8313,15779,30,45729,812.474449,IP_DAG,SQDG,[M+NH4]+,34,5,0,0,0,1,0,0,0,1,0,0,0,0,C2a; C3r,"460, 2268, 2797",,
624,461,PG 42:11,C48H73O10P1,858.5279612,858.5278304,0.152430187,683.235392,858.5233922,858.5312473,678.4949808,690.8346533,4,2,NA,NA,NA,NA,NA,14.11460107,6.220305818,5784698.668,5407086.662,17351,30,31959,840.4941356,IP_DAG,PG,[M+NH4]+,42,11,0,0,0,1,0,0,1,1,0,0,0,0,C2a; C3f; C3r,"461, 2675","461, 465",
823,469,SQDG 38:8,C47H74O12S1,880.5239247,880.5240689,-0.163745712,686.3568156,880.5239344,880.5244466,685.6627035,688.1476927,3,0,NA,NA,31.26573782,NA,58.69766968,NA,NA,0,0,18537,30,46989,862.4900991,IP_DAG,SQDG,[M+NH4]+,38,8,0,1,0,0,0,0,0,1,0,0,0,0,C1; C3r,"469, 1062",,
783,477,PC 36:2,C44H84N1O8P1,786.6007323,786.6012202,-0.620224526,1013.422748,786.6009976,786.6013437,1009.434841,1018.340546,7,1,NA,NA,NA,NA,NA,20.31084891,11.71121813,1050980.092,29529.91231,13661,31,37202,785.5934558,IP_DAG,PC,[M+H]+,36,2,0,1,0,0,0,0,0,1,0,0,0,0,C1; C3r,"477, 2004, 2692, 3033",,
1136,483,MGDG 32:4,C41H70O10,740.5307246,740.530967,-0.327351358,812.06293,740.5308314,740.5311234,811.0474963,822.2866705,5,0,116.1753817,113.8248701,63.10281735,38.03061262,137.8172352,NA,NA,0,0,11746,32,52680,722.496899,IP_DAG,MGDG,[M+NH4]+,32,4,0,0,0,0,1,0,1,0,0,0,0,0,C2b; C3f,,"483, 484",
284,485,SQDG 32:1,C41H76O12S1,810.5395748,810.5392364,0.417481682,812.2013171,810.5391319,810.5403581,810.6539023,815.7409324,7,2,7193.086555,7161.582206,145.5725792,1588.439953,5091.541623,28.03273319,17.48712939,1161247.145,1482138.88,14781,32,45069,792.5057492,IP_DAG,SQDG,[M+NH4]+,32,1,0,0,0,0,1,0,0,1,0,0,0,0,C2b; C3r,"485, 1088",,
1253,494,PE 30:2,C35H66N1O8P1,660.4598816,660.4599247,-0.065224553,811.7486422,660.4598747,660.4602166,809.9232722,815.4579944,5,0,NA,NA,NA,NA,NA,8.669482826,4.740398789,0,0,8934,32,21357,659.4526051,IP_DAG,PE,[M+H]+,30,2,0,1,0,0,0,0,0,0,0,0,0,0,C1,,,
1137,495,PC 38:6,C46H80N1O8P1,806.5694321,806.5692449,0.232138273,890.216915,806.5688548,806.5696154,887.7544544,898.4122664,7,0,379.0871233,360.025082,NA,NA,NA,63.36120945,38.95679497,64569.40471,0,14579,33,37802,805.5621557,IP_DAG,PC,[M+H]+,38,6,0,0,0,1,0,0,0,1,0,0,0,0,C2a; C3r,"495, 1518",,
927,499,PC 34:3,C42H78N1O8P1,756.5537821,756.5536668,0.152389366,887.4856475,756.5534365,756.5538823,883.650085,893.7801223,7,0,219.5251205,207.3662492,NA,NA,NA,NA,NA,0,0,12370,33,36752,755.5465056,IP_DAG,PC,[M+H]+,34,3,0,0,0,0,1,0,0,0,0,0,0,0,C2b,,,
914,513,PE 36:5,C41H72N1O8P1,738.5068318,738.5067683,0.086014414,891.2914291,738.506515,738.506959,887.4856475,893.7801223,5,0,NA,NA,NA,NA,NA,19.63926643,11.84460564,188821.5616,703536.7376,11664,33,22757,737.4995554,IP_DAG,PE,[M+H]+,36,5,0,1,0,0,0,0,0,1,0,0,0,0,C1; C3r,"513, 2265",,
1142,553,PG 36:5,C42H73O10P1,786.5279612,786.5281024,-0.179535239,789.3314196,786.5279276,786.5283912,786.0445585,791.6608286,7,0,243.7299557,236.1820891,404.5350198,196.8232006,942.9300035,185.9527971,94.03673671,0,0,13653,36,29949,768.4941356,IP_DAG,PG,[M+NH4]+,36,5,0,0,0,0,1,0,1,0,0,0,0,0,C2b; C3f,,"553, 555",
1710,554,PC 38:8,C46H76N1O8P1,802.538132,802.5380181,0.141869342,788.5843435,802.5377209,802.5382368,784.7886627,799.3848336,7,0,343.7017357,328.991984,NA,34.58863029,124.3728339,NA,NA,0,17608.05354,14386,36,37852,801.5308555,IP_DAG,PC,[M+H]+,38,8,0,0,0,0,1,0,0,1,0,0,0,0,C2b; C3r,"554, 1061",,
1184,565,DGDG 30:2,C45H80O15,878.5835481,878.5833377,0.23950367,784.8476693,878.5826253,878.5844829,781.4666953,787.1012699,7,0,NA,NA,58.55812576,115.8219977,389.1075796,NA,NA,0,0,18427,36,8152,860.5497225,IP_DAG,DGDG,[M+NH4]+,30,2,0,1,0,0,0,0,0,0,0,0,0,0,C1,,,
1296,567,DGDG 34:5,C49H82O15,928.5991982,928.5990816,0.125535265,785.4909024,928.598642,928.6017508,772.439046,790.8385842,6,0,NA,NA,57.54214899,109.4252941,386.1585321,NA,NA,0,0,21115,36,9077,910.5653726,IP_DAG,DGDG,[M+NH4]+,34,5,0,1,0,0,0,0,0,0,0,0,0,0,C1,,,
1143,570,DGDG 32:3,C47H82O15,904.5991982,904.5989624,0.260656461,800.2685242,904.5986888,904.6002007,798.3546156,807.6261909,6,0,140.2772604,136.3520693,744.2241383,91.30505423,305.8297828,NA,NA,0,0,19841,37,8577,886.5653726,IP_DAG,DGDG,[M+NH4]+,32,3,0,0,0,1,0,0,0,0,0,0,0,0,C2a,,,
484,571,MGDG 30:3,C39H68O10,714.5150745,714.5153365,-0.366710755,795.3421907,714.5152321,714.5156016,794.9233011,796.1516064,5,0,NA,NA,NA,NA,60.79567438,NA,NA,0,0,10760,37,52255,696.4812489,IP_DAG,MGDG,[M+NH4]+,30,3,0,0,0,1,0,0,0,0,0,0,0,0,C2a,,,
215,574,SQDG 30:0,C39H74O12S1,784.5239247,784.523979,-0.069177329,799.3848336,784.5237439,784.5248963,797.3345014,800.6460349,7,2,NA,NA,45.86584806,299.5189911,983.7952913,105.5609761,76.56022668,968437.9658,952366.0902,13568,37,44559,766.4900991,IP_DAG,SQDG,[M+NH4]+,30,0,0,0,0,1,0,0,0,0,0,0,0,0,C2a,,,
625,575,PC 42:11,C50H78N1O8P1,852.5537821,852.5535041,0.326056339,793.0964281,852.5531021,852.5542877,792.7122559,793.9235139,7,0,34.28422435,32.46966329,46.5844748,97.58358847,316.3570886,NA,NA,100902.2827,0,16983,37,38952,851.5465056,IP_DAG,PC,[M+H]+,42,11,0,0,0,1,0,0,0,1,0,0,0,0,C2a; C3r,"575, 1097",,
784,576,MGDG 36:7,C45H72O10,790.5463747,790.5469246,-0.695620803,800.7154183,790.5463888,790.5470518,793.8467504,808.300307,5,0,54.07600009,52.13368239,63.61216608,NA,59.41420494,NA,NA,0,0,13845,37,53680,772.5125491,IP_DAG,MGDG,[M+NH4]+,36,7,0,0,0,1,0,0,0,0,0,0,0,0,C2a,,,
463,577,PC 34:5,C42H74N1O8P1,752.5224819,752.5223927,0.118527729,799.3848336,752.5222298,752.5225427,791.58146,804.0533612,7,0,64.5593659,62.09714354,NA,53.37186004,185.096924,NA,NA,58913.41403,0,12198,37,36802,751.5152054,IP_DAG,PC,[M+H]+,34,5,0,1,0,0,0,0,0,1,0,0,0,0,C1; C3r,"577, 1698",,
3310,608,SQDG 32:4,C41H70O12S1,804.4926245,804.492528,0.11998324,669.9210874,804.4922069,804.4926685,668.4369055,670.3374819,7,0,1452.861085,1385.133743,662.4254992,1634.06778,5515.378575,448.0071505,251.9643887,16485.54026,0,14470,41,45159,786.4587989,IP_DAG,SQDG,[M+NH4]+,32,4,0,0,0,0,1,0,0,0,0,0,0,0,C2b,,,
1417,609,PG 34:5,C40H69O10P1,758.4966611,758.4966736,-0.016490802,667.7795009,758.4966411,758.496706,667.4899097,668.0690921,2,0,NA,NA,233.4960533,NA,NA,35.87679117,24.07676002,0,0,12446,41,29379,740.4628355,IP_DAG,PG,[M+NH4]+,34,5,0,0,0,0,1,0,1,1,0,0,0,0,C2b; C3f; C3r,"364, 609, 2678","609, 628",
63,610,SQDG 40:10,C49H74O12S1,904.5239247,904.5237252,0.220539218,669.0861206,904.5234909,904.5238204,667.7433038,670.3374819,4,0,NA,NA,NA,NA,NA,31.78063421,21.17670306,0,0,19830,41,47649,886.4900991,IP_DAG,SQDG,[M+NH4]+,40,10,0,0,0,1,0,0,0,0,0,0,0,0,C2a,,,
1149,643,PG 32:1,C38H73O10P1,738.5279612,738.5279865,-0.034176155,841.6479902,738.5278233,738.5282424,838.5500883,843.8827857,7,0,3125.340843,2894.110967,258.6380074,95.21066583,352.5083322,861.9944186,397.2154333,0,0,11672,43,28719,720.4941356,IP_DAG,PG,[M+NH4]+,32,1,0,0,0,1,0,0,1,0,0,0,0,0,C2a; C3f,,"643, 648",
1063,646,MGDG 30:2,C39H70O10,716.5307246,716.5308403,-0.161530014,837.8627238,716.5300438,716.5310484,836.1812811,847.7936246,7,0,NA,NA,NA,NA,56.08961163,NA,NA,0,0,10843,43,52230,698.496899,IP_DAG,MGDG,[M+NH4]+,30,2,0,0,0,0,1,0,1,0,0,0,0,0,C2b; C3f,,"646, 647",
1418,667,MGDG 44:4,C53H94O10,908.7185256,908.7190489,-0.575973659,1083.10521,908.7184695,908.7204926,1081.504054,1083.897769,3,0,NA,NA,NA,NA,NA,14.34043031,5.305606878,0,0,20087,44,55655,890.6847,IP_DAG,MGDG,[M+NH4]+,44,4,0,0,0,0,1,0,1,1,0,0,0,0,C2b; C3f; C3r,"276, 667","667, 668",
1156,703,SQDG 38:0,C47H90O12S1,896.6491253,896.6497668,-0.715446331,1042.272326,896.6497131,896.6498205,1041.215525,1043.329126,2,0,NA,NA,NA,NA,73.6846026,NA,NA,0,0,19425,45,46749,878.6152997,IP_DAG,SQDG,[M+NH4]+,38,0,0,0,0,1,0,0,0,0,0,0,0,0,C2a,,,
60,712,PE 40:2,C45H86N1O8P1,800.6163824,800.6168792,-0.620607008,1042.546769,800.6166034,800.6182372,1036.642921,1045.627844,6,0,NA,NA,NA,NA,NA,19.77141896,8.979337342,0,0,14298,45,23682,799.6091059,IP_DAG,PE,[M+H]+,40,2,0,1,0,0,0,0,0,0,0,0,0,0,C1,,,
785,714,DGDG 32:0,C47H88O15,910.6461484,910.6459298,0.240091175,1038.560538,910.6332644,910.6460944,1036.369197,1048.0414,3,0,NA,NA,NA,NA,NA,100.9358634,65.50756473,0,0,20214,45,8502,892.6123228,IP_DAG,DGDG,[M+NH4]+,32,0,0,1,0,0,0,0,0,0,0,0,0,0,C1,,,
1157,719,MGDG 32:2,C41H74O10,744.5620248,744.5622858,-0.35067239,907.9431428,744.5554282,744.5628437,902.0330356,909.8947895,7,2,489.7406047,472.9575593,NA,190.8759486,605.1404348,NA,NA,246759.4259,341389.144,11894,46,52630,726.5281992,IP_DAG,MGDG,[M+NH4]+,32,2,0,0,0,1,0,0,1,0,0,0,0,0,C2a; C3f,,"719, 720",
1016,727,PC 28:1,C36H70N1O8P1,676.4911817,676.491272,-0.133494838,910.1854558,676.4912393,676.4921096,905.4006398,918.9773919,5,0,NA,NA,NA,NA,NA,17.12498357,9.694897463,0,0,9444,46,35452,675.4839053,IP_DAG,PC,[M+H]+,28,1,0,1,0,0,0,0,0,0,0,0,0,0,C1,,,
504,737,SQDG 38:9,C47H72O12S1,878.5082746,878.5079553,0.363421327,642.5450352,878.5077729,878.5086643,640.5812071,651.7974859,5,0,NA,NA,87.65440082,1180.323747,4302.629286,88.14975691,51.08072035,0,0,18417,47,47019,860.474449,IP_DAG,SQDG,[M+NH4]+,38,9,0,0,0,0,1,0,0,1,0,0,0,0,C2b; C3r,"737, 1377",,
14011,762,SQDG 32:5,C41H68O12S1,802.4769744,802.4777165,-0.92464967,646.2500065,802.4776501,802.4777828,645.1322867,647.3677264,2,0,NA,NA,47.5018344,NA,NA,NA,NA,0,0,14373,47,45189,784.4431489,IP_DAG,SQDG,[M+NH4]+,32,5,0,1,0,0,0,1,0,1,0,0,0,0,C1; C3c; C3r,"762, 1450, 2670",,"761, 762"
1017,779,DGTS_DGTA 30:1,C40H75N1O7,682.5616308,682.5622134,-0.853603722,1024.87573,682.562044,682.5622462,1024.104322,1025.188711,5,0,NA,NA,NA,NA,NA,8.000547766,6.067672476,0,0,9636,48,14726,681.5543544,IP_DAG,DGTS_DGTA,[M+H]+,30,1,0,1,0,0,0,0,0,1,0,0,0,0,C1; C3r,"779, 2736",,
170,801,MGDG 40:4,C49H86O10,852.6559252,852.6566777,-0.882528838,1029.633146,852.6563272,852.6622216,1029.508028,1036.784816,3,0,NA,NA,NA,NA,NA,NA,6.098443633,25620.02932,0,16997,48,54605,834.6220996,IP_DAG,MGDG,[M+NH4]+,40,4,0,1,0,0,0,0,1,0,0,0,0,0,C1; C3f,,"801, 802",
944,824,MGDG 46:7,C55H92O10,930.7028755,930.7028606,0.015949567,1045.231973,930.7027025,930.7037978,1043.4014,1045.363663,3,0,NA,NA,NA,NA,NA,11.72070533,9.470612965,0,0,21232,49,56280,912.6690499,IP_DAG,MGDG,[M+NH4]+,46,7,0,0,0,1,0,0,1,0,0,0,0,0,C2a; C3f,,"824, 825",
1170,869,MGDG 30:1,C39H72O10,718.5463747,718.5464661,-0.127278089,896.5575401,718.5460404,718.5473046,895.8727791,897.1333521,7,0,75.11104842,72.01476252,NA,163.1121528,512.1979494,NA,NA,0,0,10915,52,52205,700.5125491,IP_DAG,MGDG,[M+NH4]+,30,1,0,0,0,1,0,0,1,0,0,0,0,0,C2a; C3f,,"869, 870",
1004,887,PE 34:3,C39H72N1O8P1,714.5068318,714.5068267,0.007145843,897.1333521,714.5065179,714.5068291,896.3166947,898.1623604,3,0,NA,NA,NA,NA,NA,28.08646268,20.28791414,0,0,10756,52,22232,713.4995554,IP_DAG,PE,[M+H]+,34,3,0,1,0,0,0,0,0,0,0,0,0,0,C1,,,
1172,889,MGDG 32:7,C41H64O10,734.4837744,734.4838949,-0.164081018,658.776735,734.4837212,734.4847161,658.4662562,661.2847864,7,0,250.645968,228.0465141,NA,NA,83.9998377,NA,NA,0,0,11483,53,52755,716.4499488,IP_DAG,MGDG,[M+NH4]+,32,7,0,0,0,0,1,0,0,1,0,0,0,0,C2b; C3r,"840, 889, 1697",,
1173,890,PG 32:4,C38H67O10P1,732.481011,732.4811865,-0.239631525,659.5423898,732.4810738,732.4812711,658.4662562,661.2847864,3,0,NA,NA,58.81483314,NA,NA,10.06597985,7.423769823,0,0,11409,53,28809,714.4471854,IP_DAG,PG,[M+NH4]+,32,4,0,0,0,1,0,0,1,1,0,0,0,0,C2a; C3f; C3r,"890, 1335","890, 893",
276,891,DGDG 36:9,C51H78O15,948.567898,948.5678048,0.098224556,660.9753855,948.5676341,948.5688192,658.4662562,661.797985,7,0,732.6133056,721.19769,1163.920716,4501.669055,15174.86415,120.6057766,74.58759244,0,0,22107,53,9652,930.5340724,IP_DAG,DGDG,[M+NH4]+,36,9,0,0,0,1,0,0,0,0,0,0,0,0,C2a,,,
956,892,PG 40:10,C46H71O10P1,832.5123111,832.5121873,0.148759517,658.4627684,832.5119971,832.51229,656.2793581,659.0018893,3,0,NA,NA,36.70049541,NA,NA,19.37666688,9.456653277,0,0,15888,53,31299,814.4784856,IP_DAG,PG,[M+NH4]+,40,10,0,0,0,1,0,0,1,1,0,0,0,0,C2a; C3f; C3r,"892, 1345, 1712","892, 897",
1005,899,PG 40:8,C46H75O10P1,836.5436113,836.5435391,0.086268311,663.2342001,836.543494,836.5435721,661.797985,663.2755331,4,0,61.53901742,49.53184585,NA,NA,NA,NA,NA,0,0,16113,53,31239,818.5097857,IP_DAG,PG,[M+NH4]+,40,8,0,1,0,0,0,0,1,1,0,0,0,0,C1; C3f; C3r,"899, 1956","899, 900",
1174,901,PC 36:6,C44H76N1O8P1,778.538132,778.5381175,0.018566552,816.581639,778.5379001,778.5382899,815.2094116,817.8186333,7,0,175.1054426,172.8142021,39.37944542,59.95719456,176.7758253,NA,NA,109366.5806,0,13283,54,37302,777.5308555,IP_DAG,PC,[M+H]+,36,6,0,0,0,1,0,0,0,0,0,0,0,0,C2a,,,
817,902,PC 40:9,C48H78N1O8P1,828.5537821,828.5534058,0.454062867,816.1621661,828.5509776,828.5538063,815.2094116,822.2866705,5,0,113.7169625,117.2622486,NA,NA,60.1843533,NA,NA,0,0,15690,54,38377,827.5465056,IP_DAG,PC,[M+H]+,40,9,0,0,0,0,1,0,0,1,0,0,0,0,C2b; C3r,"902, 1671, 2224",,
1318,933,SQDG 28:0,C37H70O12S1,756.4926245,756.492627,-0.003292682,724.9309747,756.4924692,756.4928674,723.8346602,726.1388498,7,0,NA,NA,232.9930103,849.7614139,3023.679199,305.3772709,207.9075342,0,0,12364,56,44079,738.4587989,IP_DAG,SQDG,[M+NH4]+,28,0,0,0,0,0,1,0,0,0,0,0,0,0,C2b,,,
378,935,DGDG 38:9,C53H82O15,976.5991982,976.6009125,-1.755369025,728.5323987,976.598756,976.6024366,726.1177771,731.7864925,5,0,NA,NA,NA,256.3379524,926.6899553,NA,NA,0,0,23402,56,10152,958.5653726,IP_DAG,DGDG,[M+NH4]+,38,9,0,0,0,1,0,0,0,0,0,0,0,0,C2a,,,
547,938,MGDG 32:5,C41H68O10,738.5150745,738.5156062,-0.719940902,727.420574,738.5150929,738.5161195,725.3313535,729.5097945,2,0,NA,NA,32.25164096,NA,NA,NA,NA,0,0,11671,56,52705,720.4812489,IP_DAG,MGDG,[M+NH4]+,32,5,0,1,0,0,0,0,0,1,0,0,0,0,C1; C3r,"938, 1192",,
574,942,MGDG 38:10,C47H70O10,812.5307246,812.5305644,0.19719581,726.1177771,812.5204257,812.5330695,722.6492454,736.7375356,5,0,NA,NA,30.64254914,NA,NA,NA,NA,0,0,14895,56,54255,794.496899,IP_DAG,MGDG,[M+NH4]+,38,10,0,1,0,0,0,0,0,1,0,0,0,0,C1; C3r,"68, 942",,
666,945,DGDG 34:6,C49H80O15,926.5835481,926.5833901,0.170500845,728.4271349,926.5829746,926.583454,727.8384894,732.2065876,5,0,NA,NA,52.72825892,NA,NA,NA,NA,0,0,21007,56,9102,908.5497225,IP_DAG,DGDG,[M+NH4]+,34,6,0,1,0,0,0,0,0,0,0,0,0,0,C1,,,
818,955,DGTS_DGTA 30:0,C40H77N1O7,684.5772809,684.5776543,-0.545530978,1058.584306,684.5772413,684.5777761,1047.811454,1059.469206,6,0,NA,NA,NA,NA,NA,26.34192559,19.45107945,204102.2682,240381.5643,9703,57,14701,683.5700044,IP_DAG,DGTS_DGTA,[M+H]+,30,0,0,1,0,0,0,0,0,0,0,0,0,0,C1,,,
13911,974,MGDG 42:4,C51H90O10,880.6872254,880.6879559,-0.829514482,1054.495236,880.673627,880.6884182,1046.428437,1056.510716,4,0,NA,NA,NA,NA,NA,29.69990205,18.25131488,0,87521.86334,18555,57,55130,862.6533998,IP_DAG,MGDG,[M+NH4]+,42,4,0,1,0,0,0,0,1,0,0,0,0,0,C1; C3f,,"952, 974",
1662,984,SQDG 44:6,C53H90O12S1,968.6491253,968.6467459,2.456440755,1058.687078,968.6462141,968.6522917,1058.481534,1068.324547,3,0,NA,NA,103.2513981,NA,NA,7.915943944,5.569643024,0,0,23058,57,48789,950.6152997,IP_DAG,SQDG,[M+NH4]+,44,6,0,1,0,0,0,0,0,1,0,0,0,0,C1; C3r,"984, 3296",,
1187,1012,PG 34:2,C40H75O10P1,764.5436113,764.5435102,0.132259911,854.4841508,764.5433219,764.5443205,849.8230139,857.6052344,7,2,56.72691225,52.18433126,NA,NA,NA,301.0324271,255.197371,548574.2112,635303.3093,12701,61,29289,746.5097857,IP_DAG,PG,[M+NH4]+,34,2,0,0,0,0,1,0,1,1,0,0,0,0,C2b; C3f; C3r,"1012, 2150","1012, 1058",
279,1013,MGDG 36:6,C45H74O10,792.5620248,792.5619435,0.102486494,850.7050311,792.5617815,792.5623085,849.8230139,851.876555,7,0,34.29042692,33.93057975,46.52823792,NA,85.10781517,NA,NA,0,0,13930,61,53655,774.5281992,IP_DAG,MGDG,[M+NH4]+,36,6,0,0,0,1,0,0,1,0,0,0,0,0,C2a; C3f,,"1013, 1014",
1324,1018,PE 30:1,C35H68N1O8P1,662.4755317,662.4751952,0.507957203,872.3555862,662.4751215,662.4756071,869.0795443,877.6339109,7,0,NA,NA,NA,NA,NA,69.14179739,46.95080163,0,235333.3137,8998,61,21332,661.4682552,IP_DAG,PE,[M+H]+,30,1,0,0,0,0,1,0,0,0,0,0,0,0,C2b,,,
1576,1019,PE 32:2,C37H70N1O8P1,688.4911817,688.4910035,0.258917566,881.0192582,688.4908561,688.4912494,879.9853778,882.8814111,7,0,NA,NA,NA,NA,NA,137.2740972,99.01811124,0,201517.5327,9844,61,21757,687.4839053,IP_DAG,PE,[M+H]+,32,2,0,0,0,1,0,0,0,0,0,0,0,0,C2a,,,
2431,1023,PG 32:0,C38H75O10P1,740.5436113,740.5436497,-0.051880213,901.5903779,740.5430665,740.5443279,894.3272774,903.1595763,7,2,NA,NA,NA,NA,NA,184.3088914,138.3932693,167514133.4,176897348.8,11745,61,28689,722.5097857,IP_DAG,PG,[M+NH4]+,32,0,0,0,0,1,0,0,0,0,0,0,0,0,C2a,,,
2473,1024,MGDG 32:3,C41H72O10,742.5463747,742.5465034,-0.17334317,850.7050311,742.5463748,742.5488814,849.0942974,867.3497008,6,0,80.08483766,75.47044373,NA,NA,48.61361173,NA,NA,0,0,11827,61,52655,724.5125491,IP_DAG,MGDG,[M+NH4]+,32,3,0,0,0,1,0,0,1,0,0,0,0,0,C2a; C3f,,"1024, 1025",
232,1026,PC 32:2,C40H76N1O8P1,730.538132,730.5380004,0.180069968,874.2097147,730.5378471,730.5381793,872.3555862,875.7929035,7,0,85.14752442,80.40459744,NA,NA,NA,NA,NA,1409469.986,0,11342,61,36277,729.5308555,IP_DAG,PC,[M+H]+,32,2,0,0,0,1,0,0,0,1,0,0,0,0,C2a; C3r,"1026, 1359, 2688",,
273,1027,PC 34:4,C42H76N1O8P1,754.538132,754.5379803,0.200978424,849.1645784,754.5377335,754.5381655,844.5818694,855.0652999,7,0,128.7841135,120.3664093,NA,NA,31.03326193,NA,NA,15310.43152,0,12283,61,36777,753.5308555,IP_DAG,PC,[M+H]+,34,4,0,0,0,1,0,0,0,1,0,0,0,0,C2a; C3r,"1027, 1314",,
3071,1034,PC 36:5,C44H78N1O8P1,780.5537821,780.553665,0.149919719,877.6339109,780.5536071,780.553838,871.369211,882.1998111,7,0,68.74881246,61.82353292,NA,NA,NA,5.904419303,NA,12896.50883,0,13386,61,37277,779.5465056,IP_DAG,PC,[M+H]+,36,5,0,0,0,1,0,0,0,1,0,0,0,0,C2a; C3r,"1034, 1035, 1145",,
3082,1035,PC 36:5,C44H78N1O8P1,780.5537821,780.5539523,-0.218082952,847.3681925,780.5535215,780.5587035,843.1730942,849.1645784,5,0,70.00728593,66.74626059,NA,NA,NA,NA,NA,0,0,13387,61,37277,779.5465056,IP_DAG,PC,[M+H]+,36,5,0,0,0,1,0,0,0,1,0,0,0,0,C2a; C3r,"1034, 1035, 1145",,
327,1036,PG 36:2,C42H79O10P1,792.5749115,792.5749567,-0.057051805,914.6403243,792.5748601,792.575524,914.0345315,917.2140888,7,0,NA,NA,NA,NA,NA,162.684215,107.7464445,0,0,13932,61,29859,774.5410859,IP_DAG,PG,[M+NH4]+,36,2,0,0,0,0,1,0,1,0,0,0,0,0,C2b; C3f,,"1036, 1086",
346,1037,SQDG 32:0,C41H78O12S1,812.5552248,812.554906,0.39233873,870.609978,812.554341,812.5552049,869.6391481,871.9372833,6,2,NA,NA,NA,NA,45.82490556,NA,NA,28364297,31185396.65,14899,61,45039,794.5213993,IP_DAG,SQDG,[M+NH4]+,32,0,0,0,0,1,0,0,0,0,0,0,0,0,C2a,,,
383,1043,PC 40:8,C48H80N1O8P1,830.5694321,830.5693366,0.115041803,847.6537589,830.5689775,830.5695507,845.1253873,849.1645784,4,0,63.23095446,58.37824467,NA,NA,NA,NA,NA,0,0,15796,61,38352,829.5621557,IP_DAG,PC,[M+H]+,40,8,0,0,0,1,0,0,0,1,0,0,0,0,C2a; C3r,"1043, 1044, 1045",,
385,1045,PC 40:8,C48H80N1O8P1,830.5694321,830.5692254,0.248962117,858.3154771,830.5691176,830.5693331,857.3152715,859.3156827,2,0,63.9843952,54.35927911,NA,NA,NA,NA,NA,0,0,15799,61,38352,829.5621557,IP_DAG,PC,[M+H]+,40,8,0,0,0,1,0,0,0,1,0,0,0,0,C2a; C3r,"1043, 1044, 1045",,
483,1051,DGDG 32:2,C47H84O15,906.6148483,906.6144289,0.462495813,859.6111759,906.6139928,906.6147159,858.2251386,861.357567,7,0,1121.475853,1088.795235,436.2385096,1771.046005,5356.292276,13.6806474,NA,0,0,19954,61,8552,888.5810227,IP_DAG,DGDG,[M+NH4]+,32,2,0,0,0,1,0,0,0,0,0,0,0,0,C2a,,,
544,1054,DGDG 36:5,C51H86O15,956.6304983,956.6301628,0.350694069,862.7817263,956.6274148,956.6306047,861.9165586,863.9244146,6,0,NA,NA,NA,NA,61.04372244,NA,NA,0,0,22482,61,9552,938.5966727,IP_DAG,DGDG,[M+NH4]+,36,5,0,0,0,1,0,0,0,1,0,0,0,0,C2a; C3r,"261, 1054, 1332, 1474",,
356,1061,PC 38:8,C46H76N1O8P1,802.538132,802.5365852,1.92736634,847.1392826,802.5359191,802.5376295,846.8648623,848.4426554,4,0,30.78266257,31.40646467,NA,NA,NA,NA,NA,0,40037.92381,14387,61,37852,801.5308555,IP_DAG,PC,[M+H]+,38,8,0,1,0,0,0,0,0,1,0,0,0,0,C1; C3r,"554, 1061",,
3301,1087,MGDG 36:5,C45H76O10,794.5776748,794.5780184,-0.43240063,912.3967057,794.5777992,794.5809433,909.8277484,914.395367,7,0,NA,NA,NA,NA,NA,4.634821157,NA,0,0,14018,61,53630,776.5438492,IP_DAG,MGDG,[M+NH4]+,36,5,0,1,0,0,0,0,1,0,0,0,0,0,C1; C3f,,"1048, 1087",
344,1088,SQDG 32:1,C41H76O12S1,810.5395748,810.5396449,-0.08656666,865.0861329,810.539548,810.5397247,865.0611812,865.5068909,3,0,63.7885973,49.63538268,NA,NA,46.50024449,NA,NA,32025.01905,0,14782,61,45069,792.5057492,IP_DAG,SQDG,[M+NH4]+,32,1,0,1,0,0,0,0,0,1,0,0,0,0,C1; C3r,"485, 1088",,
351,1089,DGDG 26:6,C41H64O15,814.4583475,814.4578229,0.644004771,880.34479,814.4577947,814.4582576,879.8796799,882.2663171,3,0,NA,NA,NA,NA,NA,15.76468196,6.320384218,0,0,14976,61,7502,796.4245219,IP_DAG,DGDG,[M+NH4]+,26,6,0,1,0,0,0,0,0,1,0,0,0,0,C1; C3r,"1089, 1890",,
458,1103,DGDG 30:1,C45H82O15,880.5991982,880.5990408,0.178732299,846.1526821,880.5986402,880.5995126,845.1253873,847.5394273,7,0,NA,NA,NA,1121.936031,3484.195563,6.860109857,NA,0,0,18545,61,8127,862.5653726,IP_DAG,DGDG,[M+NH4]+,30,1,0,1,0,0,0,0,0,0,0,0,0,0,C1,,,
4651,1105,PG 44:11,C50H77O10P1,886.5592614,886.557716,1.74312673,846.1438649,886.5573963,886.5585927,845.1253873,846.9103728,3,0,NA,NA,NA,NA,52.26848093,NA,NA,0,0,18890,61,32589,868.5254358,IP_DAG,PG,[M+NH4]+,44,11,0,1,0,0,0,1,1,1,0,0,0,0,C1; C3c; C3f; C3r,"73, 1105","1105, 1106","1050, 1105, 1106"
573,1113,DGDG 38:8,C53H84O15,978.6148483,978.6144112,0.446591969,885.4154372,978.6133659,978.6154565,884.9225612,885.9083133,2,0,NA,NA,NA,NA,NA,13.10499452,NA,0,0,23476,61,10127,960.5810227,IP_DAG,DGDG,[M+NH4]+,38,8,0,1,0,0,0,0,0,0,0,0,0,0,C1,,,
1191,1132,SQDG 30:1,C39H72O12S1,782.5082746,782.5083427,-0.087027036,739.7206305,782.5079794,782.5085841,738.6223971,739.8127861,7,0,880.5341203,840.2490065,1452.527361,742.1014804,2515.089365,15.32508176,8.024708303,0,0,13463,65,44589,764.474449,IP_DAG,SQDG,[M+NH4]+,30,1,0,0,0,0,1,0,0,0,0,0,0,0,C2b,,,
1619,1133,SQDG 34:4,C43H74O12S1,832.5239247,832.5237473,0.213122483,739.7703725,832.523357,832.52417,732.2065876,741.4296665,7,0,73.27293054,69.91790384,66.52035932,111.8237487,324.9470628,51.18857731,29.47128314,2550924.953,2678048.432,15889,65,45699,814.4900991,IP_DAG,SQDG,[M+NH4]+,34,4,0,0,0,1,0,0,0,1,0,0,0,0,C2a; C3r,"373, 1133",,
505,1135,PG 32:2,C38H71O10P1,736.5123111,736.513923,-2.188511386,742.293619,736.5125287,736.5152586,737.5016333,746.7136768,4,0,NA,NA,32.37925552,NA,NA,8.545182069,NA,0,0,11592,65,28749,718.4784856,IP_DAG,PG,[M+NH4]+,32,2,0,1,0,0,0,0,1,1,0,0,0,0,C1; C3f; C3r,"488, 1135, 1175","1135, 1136",
1194,1140,PE 32:1,C37H72N1O8P1,690.5068318,690.5068411,-0.013480142,946.7879656,690.5066814,690.5069275,945.8987001,948.4931383,7,0,NA,NA,NA,NA,NA,66.73338272,46.86394845,0,83577.87607,9916,68,21732,689.4995554,IP_DAG,PE,[M+H]+,32,1,0,0,0,1,0,0,0,0,0,0,0,0,C2a,,,
1019,1141,PC 34:2,C42H80N1O8P1,758.5694321,758.5692781,0.203082574,950.6511779,758.5687061,758.5694095,948.7978324,951.5188009,7,0,125.7045465,115.4575785,NA,NA,NA,NA,NA,0,0,12457,68,36727,757.5621557,IP_DAG,PC,[M+H]+,34,2,0,0,0,0,1,0,0,0,0,0,0,0,C2b,,,
787,1142,PE 34:2,C39H74N1O8P1,716.5224819,716.5224915,-0.013450007,952.9149034,716.5223652,716.5225134,951.4014159,953.3843004,5,0,NA,NA,NA,NA,NA,66.38498674,48.35190746,0,0,10839,68,22207,715.5152054,IP_DAG,PE,[M+H]+,34,2,0,0,0,1,0,0,0,1,0,0,0,0,C2a; C3r,"1142, 2239",,
902,1150,PC 38:5,C46H82N1O8P1,808.5850822,808.5853831,-0.372092372,946.4408649,808.5850362,808.5859521,944.2024596,950.3810821,4,0,30.14860881,NA,NA,NA,NA,NA,NA,0,0,14681,68,37777,807.5778058,IP_DAG,PC,[M+H]+,38,5,0,1,0,0,0,0,0,1,0,0,0,0,C1; C3r,"1150, 1318",,
4316,1171,MGDG 44:3,C53H96O10,910.7341756,910.7346964,-0.571807051,1096.633569,910.7339112,910.7498624,1096.257839,1096.736766,3,0,NA,NA,NA,NA,NA,5.533769413,6.242647578,0,0,20228,69,55630,892.70035,IP_DAG,MGDG,[M+NH4]+,44,3,0,1,0,0,0,0,1,0,0,0,0,0,C1; C3f,,"1171, 1172",
1197,1175,PG 32:2,C38H71O10P1,736.5123111,736.5122363,0.101636917,781.6283266,736.5118603,736.5124574,779.4927447,782.6369049,7,0,1288.974578,1215.829393,137.3240835,184.9220824,842.0122023,302.9320102,216.2508985,0,0,11588,70,28749,718.4784856,IP_DAG,PG,[M+NH4]+,32,2,0,0,0,0,1,0,1,1,0,0,0,0,C2b; C3f; C3r,"488, 1135, 1175","1175, 1178",
1198,1182,PG 28:0,C34H67O10P1,684.481011,684.481024,-0.019056202,753.178785,684.480591,684.4811394,752.4071822,754.4820325,7,0,NA,NA,NA,NA,NA,9.659883979,NA,0,0,9688,71,27729,666.4471854,IP_DAG,PG,[M+NH4]+,28,0,0,0,0,1,0,0,1,0,0,0,0,0,C2a; C3f,,"1182, 1185",
2512,1183,MGDG 36:8,C45H70O10,788.5307246,788.5306596,0.082464505,755.0223829,788.5305938,788.5321045,752.4071822,755.7570392,5,0,263.313969,249.9574881,34.42724409,96.23121405,318.8111141,NA,NA,0,0,13746,71,53705,770.496899,IP_DAG,MGDG,[M+NH4]+,36,8,0,0,0,0,1,0,0,0,0,0,0,0,C2b,,,
358,1184,SQDG 32:2,C41H74O12S1,808.5239247,808.5238286,0.118782578,755.4258233,808.5234959,808.5238711,753.5208896,762.5631349,7,2,221.7220943,213.5240778,160.5328865,181.3155347,549.8236779,38.07646385,22.61250385,626533.6031,744862.8761,14670,71,45099,790.4900991,IP_DAG,SQDG,[M+NH4]+,32,2,0,0,0,0,1,0,0,0,0,0,0,0,C2b,,,
10110,1192,MGDG 32:5,C41H68O10,738.5150745,738.5150441,0.041206393,757.2857381,738.5149015,738.5152135,755.7570392,758.0688044,5,0,152.3301975,142.192982,394.1093207,NA,97.24171446,NA,NA,0,0,11668,71,52705,720.4812489,IP_DAG,MGDG,[M+NH4]+,32,5,0,1,0,0,0,0,0,1,0,0,0,0,C1; C3r,"938, 1192",,
1345,1196,DGDG 32:4,C47H80O15,902.5835481,902.5834906,0.063675425,757.2857381,902.5825493,902.586733,750.1331324,764.7439684,7,0,61.8560811,66.87071477,296.8999151,63.57891598,211.6091344,NA,NA,0,0,19738,71,8602,884.5497225,IP_DAG,DGDG,[M+NH4]+,32,4,0,1,0,0,0,0,0,1,0,0,0,0,C1; C3r,"1196, 2172",,
708,1203,MGDG 34:5,C43H72O10,766.5463747,766.5468144,-0.57358576,833.9309818,766.5353236,766.5471024,830.118692,837.1919989,7,0,NA,NA,NA,NA,61.96692334,NA,NA,16024.30267,0,12780,74,53155,748.5125491,IP_DAG,MGDG,[M+NH4]+,34,5,0,0,0,0,1,0,1,0,0,0,0,0,C2b; C3f,,"1203, 1204",
1320,1208,DGDG 30:5,C45H74O15,872.5365979,872.5376372,-1.191197391,822.8001184,872.5356415,872.5431631,813.2159781,827.2284119,5,0,48.88691147,57.0011496,NA,NA,NA,NA,NA,0,0,18094,74,8227,854.5027723,IP_DAG,DGDG,[M+NH4]+,30,5,0,1,0,0,0,0,0,0,0,0,0,0,C1,,,
2112,1232,DGTS_DGTA 32:0,C42H81N1O7,712.6085811,712.6089135,-0.466574616,1069.650232,712.6082332,712.6091162,1068.12934,1073.55639,3,1,NA,NA,NA,NA,NA,5.424512702,NA,281363.2926,245855.4226,10686,75,15101,711.6013046,IP_DAG,DGTS_DGTA,[M+H]+,32,0,0,1,0,0,0,0,0,1,0,0,0,0,C1; C3r,"962, 1232",,
1325,1247,MGDG 46:6,C55H94O10,932.7185256,932.7178844,0.687357112,1069.650232,932.7178051,932.7179638,1069.513718,1069.786746,2,0,NA,NA,NA,NA,NA,53.36980512,37.72830967,0,0,21334,75,56255,914.6847,IP_DAG,MGDG,[M+NH4]+,46,6,0,1,0,0,0,0,1,0,0,0,0,0,C1; C3f,,"1247, 1248",
1074,1265,SQDG 42:1,C51H96O12S1,950.6960756,950.6959602,0.121313217,1077.130762,950.6959254,950.7152618,1076.972819,1085.847934,3,0,NA,NA,118.114861,225.8966156,781.494538,NA,NA,0,0,22224,76,48009,932.66225,IP_DAG,SQDG,[M+NH4]+,42,1,0,0,0,0,1,0,0,0,0,0,0,0,C2b,,,
10912,1275,PG 48:6,C54H95O10P1,952.7001121,952.7024077,-2.409598478,1077.130762,952.6927175,952.7109911,1065.336794,1080.546601,5,0,NA,NA,NA,NA,44.70824283,NA,NA,0,0,22307,76,33639,934.6662865,IP_DAG,PG,[M+NH4]+,48,6,0,1,0,0,0,1,1,0,0,0,0,0,C1; C3c; C3f,,"1275, 1276","1262, 1275, 1276"
11210,1277,MGDG 48:7,C57H96O10,958.7341756,958.7334104,0.798194433,1076.31127,958.7328948,958.7346755,1072.691699,1076.972819,4,0,NA,NA,NA,NA,NA,13.17236633,8.503293185,0,0,22594,76,56730,940.70035,IP_DAG,MGDG,[M+NH4]+,48,7,0,1,0,0,0,0,1,0,0,0,0,0,C1; C3f,,"1277, 1278",
11613,1279,DGDG 36:1,C51H94O15,964.6930987,964.692332,0.794677241,1075.451514,964.69135,964.6938077,1072.691699,1076.459302,4,0,NA,NA,NA,NA,NA,143.5385488,106.4189418,0,0,22852,76,9452,946.6592731,IP_DAG,DGDG,[M+NH4]+,36,1,0,1,0,0,0,0,0,0,0,0,0,0,C1,,,
13111,1282,DGDG 38:2,C53H96O15,990.7087487,990.7078431,0.914103261,1078.363158,990.707438,990.7082816,1074.926564,1078.675056,3,0,NA,NA,64.53853749,NA,NA,4.367935738,NA,0,0,23956,76,9977,972.6749231,IP_DAG,DGDG,[M+NH4]+,38,2,0,1,0,0,0,0,0,0,0,0,0,0,C1,,,
2411,1300,DGDG 32:1,C47H86O15,908.6304983,908.6301528,0.380275586,921.4321641,908.6291247,908.6302975,920.892711,921.830924,7,0,63.3966067,65.72198428,NA,73.2706987,250.0166031,59.86720395,32.29598593,0,0,20072,77,8527,890.5966727,IP_DAG,DGDG,[M+NH4]+,32,1,0,0,0,1,0,0,0,0,0,0,0,0,C2a,,,
1853,1316,PC 36:4,C44H80N1O8P1,782.5694321,782.5698554,-0.540861375,928.1786483,782.5697927,782.5699735,921.5650374,930.2288956,4,0,31.74540478,30.73206547,NA,NA,NA,NA,NA,1046991.851,117445.6758,13475,77,37252,781.5621557,IP_DAG,PC,[M+H]+,36,4,0,1,0,0,0,0,0,1,0,0,0,0,C1; C3r,"1042, 1316, 3089, 3367",,
2911,1332,DGDG 36:5,C51H86O15,956.6304983,956.6303856,0.117811328,957.3231215,956.6302845,956.6304867,957.1701751,957.476068,2,0,NA,NA,NA,NA,NA,33.57478572,14.02958043,0,0,22485,77,9552,938.5966727,IP_DAG,DGDG,[M+NH4]+,36,5,0,1,0,0,0,0,0,1,0,0,0,0,C1; C3r,"261, 1054, 1332, 1474",,
1225,1335,PG 32:4,C38H67O10P1,732.481011,732.481085,-0.101120691,692.6967875,732.4808751,732.4812094,685.6627035,697.641541,6,0,NA,NA,NA,40.83061651,162.1836948,11.34899432,5.014957186,0,0,11408,78,28809,714.4471854,IP_DAG,PG,[M+NH4]+,32,4,0,0,0,0,1,0,1,1,0,0,0,0,C2b; C3f; C3r,"890, 1335","1335, 1349",
1455,1339,MGDG 34:8,C43H66O10,760.4994244,760.4996303,-0.270721247,679.0598138,760.4994225,760.5019417,670.3374819,685.2793949,7,0,NA,NA,33.39032768,NA,NA,NA,NA,0,0,12529,78,53230,742.4655988,IP_DAG,MGDG,[M+NH4]+,34,8,0,0,0,0,1,0,0,0,0,0,0,0,C2b,,,
1635,1341,SQDG 30:2,C39H70O12S1,780.4926245,780.4929063,-0.360978759,701.4948458,780.4927352,780.4930274,698.5084026,701.7808325,3,0,67.3156746,60.9416843,408.951368,NA,46.24936185,NA,NA,0,0,13379,78,44619,762.4587989,IP_DAG,SQDG,[M+NH4]+,30,2,0,0,0,1,0,0,0,1,0,0,0,0,C2a; C3r,"458, 1341",,
1863,1342,PG 36:6,C42H71O10P1,784.5123111,784.5123501,-0.049686737,695.0571683,784.5121625,784.5125086,694.087359,697.5187671,4,0,NA,NA,360.2288824,NA,NA,39.48355354,25.48901008,0,0,13566,78,29979,766.4784856,IP_DAG,PG,[M+NH4]+,36,6,0,0,0,1,0,0,1,1,0,0,0,0,C2a; C3f; C3r,"219, 320, 1342, 2409","1342, 1369",
234,1345,PG 40:10,C46H71O10P1,832.5123111,832.514154,-2.213566655,690.3937907,832.5124587,832.5153067,687.9885864,691.8776197,5,0,NA,NA,548.2159855,72.71075132,277.2822713,NA,NA,0,0,15885,78,31299,814.4784856,IP_DAG,PG,[M+NH4]+,40,10,0,0,0,0,1,0,1,1,0,0,0,0,C2b; C3f; C3r,"892, 1345, 1712","1345, 1351",
2391,1347,DGDG 34:7,C49H78O15,924.567898,924.5679236,-0.027627941,676.3939498,924.5672535,924.5701797,667.4899097,679.0688707,7,0,NA,NA,100.1715303,NA,41.79529761,13.22176385,NA,0,0,20900,78,9127,906.5340724,IP_DAG,DGDG,[M+NH4]+,34,7,0,0,0,1,0,0,0,0,0,0,0,0,C2a,,,
2812,1352,SQDG 36:6,C45H74O12S1,856.5239247,856.5238204,0.121778774,678.4949808,856.5154921,856.5239547,669.7368702,678.9492357,1,2,NA,NA,62.09228828,NA,NA,NA,NA,46952278.72,47284488.45,17217,78,46329,838.4900991,IP_DAG,SQDG,[M+NH4]+,36,6,0,1,0,0,0,0,0,1,0,0,0,0,C1; C3r,"54, 1352, 2586",,
11710,1357,PG 30:2,C36H67O10P1,708.481011,708.4808554,0.2196139,710.7442342,708.4805903,708.481014,710.0903962,718.425184,7,0,NA,NA,NA,NA,70.31680121,NA,NA,0,0,10530,78,28269,690.4471854,IP_DAG,PG,[M+NH4]+,30,2,0,1,0,0,0,0,1,1,0,0,0,0,C1; C3f; C3r,"1357, 3079","1357, 1358",
1743,1365,MGDG 32:6,C41H66O10,736.4994244,736.4994857,-0.08322423,701.6950402,736.4992374,736.5009959,690.2195731,705.0814917,6,0,174.3785886,159.6964261,81.47761436,NA,49.29565508,NA,NA,0,0,11586,78,52730,718.4655988,IP_DAG,MGDG,[M+NH4]+,32,6,0,1,0,0,0,0,0,1,0,0,0,0,C1; C3r,"1365, 2759",,
2144,1375,DGDG 30:4,C45H76O15,874.5522479,874.5514497,0.91269949,694.8356673,874.551359,874.5515549,694.087359,695.2868065,3,0,NA,NA,NA,NA,56.86927393,NA,NA,0,0,18213,78,8202,856.5184223,IP_DAG,DGDG,[M+NH4]+,30,4,0,1,0,0,0,0,0,1,0,0,0,0,C1; C3r,"1375, 1673",,
2171,1377,SQDG 38:9,C47H72O12S1,878.5082746,878.5087187,-0.505468716,693.9359132,878.5086588,878.5087785,693.0361591,694.8356673,2,0,NA,NA,NA,NA,30.15086659,NA,NA,0,0,18418,78,47019,860.474449,IP_DAG,SQDG,[M+NH4]+,38,9,0,1,0,0,0,1,0,1,0,0,0,0,C1; C3c; C3r,"737, 1377",,"1376, 1377"
791,1381,SQDG 30:3,C39H68O12S1,778.4769744,778.4769969,-0.028828155,651.6442332,778.4769446,778.477601,649.5820238,652.1080054,7,0,NA,NA,129.7932253,NA,39.3999582,NA,NA,0,90884.97932,13275,79,44649,760.4431489,IP_DAG,SQDG,[M+NH4]+,30,3,0,0,0,1,0,0,0,0,0,0,0,0,C2a,,,
1620,1382,SQDG 36:7,C45H72O12S1,854.5082746,854.5079655,0.36178434,656.8835227,854.5079405,854.5079904,656.4601862,657.3068592,2,0,NA,NA,543.822892,NA,72.0131376,NA,NA,0,0,17095,79,46359,836.474449,IP_DAG,SQDG,[M+NH4]+,36,7,0,0,0,0,1,0,0,0,0,0,0,0,C2b,,,
2115,1391,DGDG 32:6,C47H76O15,898.5522479,898.5519671,0.312493498,652.7991916,898.551507,898.5547683,644.8085045,656.4707776,7,0,40.80858798,42.02375855,119.0143988,NA,NA,6.123952405,NA,0,0,19515,79,8652,880.5184223,IP_DAG,DGDG,[M+NH4]+,32,6,0,1,0,0,0,0,0,1,0,0,0,0,C1; C3r,"84, 1391",,
395,1447,SQDG 32:7,C41H64O12S1,798.4456743,798.4458386,-0.205852066,551.9526076,798.4452795,798.4463978,551.2795926,552.6256226,2,0,NA,NA,282.542707,NA,NA,NA,NA,0,0,14182,82,45249,780.4118487,IP_DAG,SQDG,[M+NH4]+,32,7,0,1,0,0,0,0,0,0,0,0,0,0,C1,,,
399,1449,SQDG 32:6,C41H66O12S1,800.4613244,800.4614099,-0.106850509,580.1090054,800.4611881,800.4775193,576.8785704,581.374856,5,0,NA,NA,454.8836643,NA,NA,NA,NA,0,0,14276,82,45219,782.4274988,IP_DAG,SQDG,[M+NH4]+,32,6,0,1,0,0,0,0,0,0,0,0,0,0,C1,,,
4013,1450,SQDG 32:5,C41H68O12S1,802.4769744,802.4764817,0.61400944,550.0627877,802.4764657,802.4764977,549.3774151,550.7481603,2,0,NA,NA,NA,NA,NA,4.472538562,NA,0,13308.94824,14375,82,45189,784.4431489,IP_DAG,SQDG,[M+NH4]+,32,5,0,1,0,0,0,0,0,1,0,0,0,0,C1; C3r,"762, 1450, 2670",,
4321,1459,SQDG 34:8,C43H66O12S1,824.4613244,824.4633467,-2.452983151,575.4966458,824.4607454,824.4635307,567.0743319,576.9284943,7,0,NA,NA,90.19513913,NA,54.13581393,15.758641,10.50142192,0,0,15473,82,45819,806.4274988,IP_DAG,SQDG,[M+NH4]+,34,8,0,1,0,0,0,1,0,0,0,0,0,0,C1; C3c,,,"1458, 1459"
1233,1478,PC 32:4,C40H72N1O8P1,726.5068318,726.5067437,0.121317059,775.1629524,726.5061485,726.5067986,773.6817021,781.4666953,7,0,NA,NA,NA,NA,79.09186022,NA,NA,0,0,11187,83,36327,725.4995554,IP_DAG,PC,[M+H]+,32,4,0,0,0,1,0,0,0,0,0,0,0,0,C2a,,,
1621,1479,PE 40:10,C45H70N1O8P1,784.4911817,784.4913144,-0.169073552,774.7140328,784.4910294,784.4915881,773.419721,775.1629524,7,0,91.05253029,88.86060919,NA,NA,46.16020279,NA,NA,0,820810.1069,13561,83,23882,783.4839053,IP_DAG,PE,[M+H]+,40,10,0,0,0,1,0,0,0,0,0,0,0,0,C2a,,,
1919,1480,MGDG 38:9,C47H72O10,814.5463747,814.5463312,0.053391059,772.892236,814.5458876,814.546515,771.4569577,773.6817021,4,0,NA,NA,NA,60.81031644,224.7642998,NA,NA,0,0,14998,83,54230,796.5125491,IP_DAG,MGDG,[M+NH4]+,38,9,0,0,0,1,0,0,0,1,0,0,0,0,C2a; C3r,"52, 1480",,
1234,1490,MGDG 30:4,C39H66O10,712.4994244,712.4994667,-0.059266679,744.2152638,712.4994039,712.5000532,743.3957134,744.3019998,4,0,NA,NA,131.8607807,37.18137588,129.0675625,NA,NA,0,0,10671,87,52280,694.4655988,IP_DAG,MGDG,[M+NH4]+,30,4,0,0,0,0,1,0,0,1,0,0,0,0,C2b; C3r,"1490, 3081",,
3614,1492,DGDG 36:7,C51H82O15,952.5991982,952.5989349,0.276399306,746.445386,952.5987692,952.5989718,745.6171453,746.7136768,6,0,3523.646023,3352.011248,8169.372865,1705.381702,5607.029953,248.3057028,169.4534426,0,0,22292,87,9602,934.5653726,IP_DAG,DGDG,[M+NH4]+,36,7,0,0,0,1,0,0,0,0,0,0,0,0,C2a,,,
2414,1507,PC 36:3,C44H82N1O8P1,784.5850822,784.585135,-0.067217645,975.7074342,784.5850911,784.5851717,975.6089865,983.399069,3,0,NA,NA,NA,NA,NA,40.03088664,24.27697743,0,0,13578,90,37227,783.5778058,IP_DAG,PC,[M+H]+,36,3,0,0,0,1,0,0,0,1,0,0,0,0,C2a; C3r,"1507, 3346",,
1237,1538,PE 42:11,C47H72N1O8P1,810.5068318,810.5074586,-0.773265991,802.8979426,810.5067979,810.5079032,801.6963841,803.8011972,7,0,84.54167208,71.51756823,NA,NA,47.97579027,NA,NA,15431.80149,54212.11257,14773,93,24432,809.4995554,IP_DAG,PE,[M+H]+,42,11,0,0,0,0,1,0,0,1,0,0,0,0,C2b; C3r,"1538, 3144",,
1819,1542,DGDG 36:6,C51H84O15,954.6148483,954.6144417,0.425906869,803.0477175,954.6137336,954.6155021,802.1227845,804.0533612,7,0,151.9225234,138.2379656,1034.650787,218.5140142,719.5679538,NA,NA,0,0,22380,93,9577,936.5810227,IP_DAG,DGDG,[M+NH4]+,36,6,0,1,0,0,0,0,0,0,0,0,0,0,C1,,,
1246,1549,PG 40:9,C46H73O10P1,834.5279612,834.5272599,0.840338723,713.9036933,834.5271712,834.5273487,712.9517271,714.8556594,2,0,NA,NA,NA,NA,30.78739857,NA,NA,87277.63684,19992.92675,15997,96,31269,816.4941356,IP_DAG,PG,[M+NH4]+,40,9,0,1,0,0,0,0,1,1,0,0,0,0,C1; C3f; C3r,"763, 1549","1549, 1550",
1248,1578,MGDG 32:1,C41H76O10,746.5776748,746.5778172,-0.190640129,967.1213147,746.5777152,746.5780071,964.3508466,967.5039283,7,0,119.0528546,116.6143334,37.62056131,NA,63.03496049,18.86761895,9.929977163,0,0,11979,98,52605,728.5438492,IP_DAG,MGDG,[M+NH4]+,32,1,0,0,0,1,0,0,1,0,0,0,0,0,C2a; C3f,,"1578, 1579",
3912,1592,SQDG 40:1,C49H92O12S1,922.6647754,922.6670019,-2.413104771,459.8614791,922.6668589,922.6674445,454.7521633,460.3551516,7,0,NA,32.32414595,NA,NA,NA,NA,NA,20615.90342,0,20816,102,47379,904.6309498,IP_DAG,SQDG,[M+NH4]+,40,1,0,1,0,0,0,0,0,0,0,0,0,0,C1,,,
1260,1596,SQDG 38:1,C47H88O12S1,894.6334752,894.6329039,0.638600014,1005.536664,894.6326717,894.6331362,1005.493362,1005.579965,2,0,NA,NA,NA,189.2522592,580.4709867,NA,NA,0,0,19330,104,46779,876.5996497,IP_DAG,SQDG,[M+NH4]+,38,1,0,0,0,1,0,0,0,0,0,0,0,0,C2a,,,
1820,1673,DGDG 30:4,C45H76O15,874.5522479,874.5533114,-1.215987645,971.5712094,874.5532169,874.5534348,968.7106973,972.0863056,6,0,NA,NA,82.80044729,NA,98.58300431,55.21903311,47.10375374,0,0,18211,119,8202,856.5184223,IP_DAG,DGDG,[M+NH4]+,30,4,0,1,0,0,0,0,0,1,0,0,0,0,C1; C3r,"1375, 1673",,
1333,1712,PG 40:10,C46H71O10P1,832.5123111,832.512294,0.020646428,599.5500668,832.5121466,832.5123812,599.4361426,600.6070928,4,0,NA,NA,NA,NA,77.03414664,NA,NA,0,0,15886,374,31299,814.4784856,IP_DAG,PG,[M+NH4]+,40,10,0,1,0,0,0,0,1,1,0,0,0,0,C1; C3f; C3r,"892, 1345, 1712","1712, 1713",
1484,1811,DGDG 30:0,C45H84O15,882.6148483,882.6145991,0.282325855,1001.402636,882.6144366,882.6147615,1000.202237,1002.603036,2,0,NA,NA,NA,NA,NA,19.08693656,19.30681555,0,0,18672,1042,8102,864.5810227,IP_DAG,DGDG,[M+NH4]+,30,0,0,1,0,0,0,0,0,1,0,0,0,0,C1; C3r,"726, 1811",,
1488,1818,SQDG 40:2,C49H90O12S1,920.6491253,920.648961,0.178491959,1003.342423,920.6487274,920.6491946,1003.306955,1003.377891,2,0,NA,NA,NA,748.5647513,2691.485116,NA,NA,0,0,20723,1059,47409,902.6152997,IP_DAG,SQDG,[M+NH4]+,40,2,0,1,0,0,0,0,0,0,0,0,0,0,C1,,,
1493,1822,DGDG 34:3,C49H86O15,932.6304983,932.6324902,-2.135742656,1002.581921,932.6316289,932.6333514,997.9926607,1007.171181,2,0,NA,NA,NA,NA,NA,59.7411561,33.29116852,0,0,21325,1072,9027,914.5966727,IP_DAG,DGDG,[M+NH4]+,34,3,0,1,0,0,0,0,0,1,0,0,0,0,C1; C3r,"1109, 1822",,
1550,1856,MGDG 38:0,C47H90O10,832.6872254,832.6874394,-0.256982946,1188.853443,832.68739,832.6874888,1188.021795,1189.68509,2,0,NA,NA,NA,NA,NA,35.7854692,24.29292669,0,0,15912,1484,54005,814.6533998,IP_DAG,MGDG,[M+NH4]+,38,0,0,1,0,0,0,0,1,0,0,0,0,0,C1; C3f,,"1856, 1857",
1579,1873,PE 26:0,C31H62N1O8P1,608.4285814,608.4286901,-0.178689472,760.5736152,608.4286244,608.4287559,759.8835451,761.2636852,2,0,NA,NA,NA,NA,NA,17.19354785,10.3610427,0,0,7390,1755,20557,607.421305,IP_DAG,PE,[M+H]+,26,0,0,1,0,0,0,0,1,0,0,0,0,0,C1; C3f,,"1873, 1874",
1589,1885,SQDG 24:4,C33H54O12S1,692.3674239,692.3674328,-0.012860373,766.1428821,692.3673653,692.3675003,765.6973045,766.5884597,2,0,NA,NA,NA,NA,NA,4.30557814,4.442449319,0,0,9968,1791,43479,674.3335983,IP_DAG,SQDG,[M+NH4]+,24,4,0,1,0,0,0,0,0,0,0,0,0,0,C1,,,
1600,1899,PC 26:1,C34H66N1O8P1,648.4598816,648.4598794,0.003334526,824.1523644,648.4598683,648.4598905,823.6083276,824.6964013,2,0,NA,NA,NA,NA,NA,25.72983901,14.79150815,0,0,8560,1916,35102,647.4526051,IP_DAG,PC,[M+H]+,26,1,0,1,0,0,0,0,1,0,0,0,0,0,C1; C3f,,"1899, 1900",
1656,1935,MGDG 42:5,C51H88O10,878.6715753,878.6717168,-0.161002842,1031.823675,878.6715572,878.6718764,1031.7996,1031.84775,2,0,NA,NA,NA,NA,NA,13.38669256,8.59576005,0,0,18438,2165,55155,860.6377497,IP_DAG,MGDG,[M+NH4]+,42,5,0,1,0,0,0,0,1,0,0,0,0,0,C1; C3f,,"1935, 1936",
1684,1959,DGDG 32:7,C47H74O15,896.5365979,896.5343618,2.49408489,736.9129878,896.5342125,896.5345111,736.3243424,737.5016333,2,0,NA,NA,NA,NA,NA,190.8130307,104.2066804,0,0,19412,2354,8677,878.5027723,IP_DAG,DGDG,[M+NH4]+,32,7,0,1,0,0,0,0,0,1,0,0,0,0,C1; C3r,"14, 1959",,
1889,2124,MGDG 32:0,C41H78O10,748.5933249,748.5938714,-0.730017519,1013.879223,748.5934576,748.5940435,1013.530534,1015.648323,5,2,NA,NA,NA,NA,NA,21.05662352,15.64220532,2269780.802,2166728.448,12056,3925,52580,730.5594993,IP_DAG,MGDG,[M+NH4]+,32,0,0,1,0,0,0,0,1,1,0,0,0,0,C1; C3f; C3r,"2124, 3428","2124, 2125",
1923,2147,PE 32:4,C37H66N1O8P1,684.4598816,684.4598813,0.000450137,811.5484956,684.4598589,684.4599036,810.8899708,812.2070205,2,0,NA,NA,NA,NA,NA,4.856277502,NA,0,0,9686,4120,21807,683.4526051,IP_DAG,PE,[M+H]+,32,4,0,1,0,0,0,0,0,1,0,0,0,0,C1; C3r,"2147, 2208",,
1938,2172,DGDG 32:4,C47H80O15,902.5835481,902.5823866,1.286853626,887.2102659,902.5823845,902.5991533,886.7708747,894.6594883,3,0,NA,NA,NA,NA,NA,8.836796516,NA,0,0,19741,4271,8602,884.5497225,IP_DAG,DGDG,[M+NH4]+,32,4,0,1,0,0,0,0,0,1,0,0,0,0,C1; C3r,"1196, 2172",,
1944,2179,DGTS_DGTA 32:1,C42H79N1O7,710.592931,710.5930609,-0.182842919,1063.005625,710.593059,710.5930628,1062.908842,1063.102409,2,0,NA,NA,NA,NA,NA,5.409730282,NA,31266.83966,0,10606,4338,15126,709.5856545,IP_DAG,DGTS_DGTA,[M+H]+,32,1,0,1,0,0,0,0,0,1,0,0,0,0,C1; C3r,"301, 2179, 3018",,
1966,2204,PE 28:1,C33H64N1O8P1,634.4442315,634.4442213,0.016093845,785.3679215,634.4441994,634.4442432,784.7886627,785.9471804,2,0,NA,NA,NA,NA,NA,16.94499463,10.15774904,0,0,8143,4514,20932,633.436955,IP_DAG,PE,[M+H]+,28,1,0,1,0,0,0,0,1,0,0,0,0,0,C1; C3f,,"2204, 2205",
1984,2224,PC 40:9,C48H78N1O8P1,828.5537821,828.5534492,0.401676717,793.4715892,828.5533026,828.5537718,792.7122559,793.8623367,4,0,281.6785346,266.7346571,NA,45.83967583,162.3640388,NA,NA,0,0,15691,4616,38377,827.5465056,IP_DAG,PC,[M+H]+,40,9,0,1,0,0,0,0,0,1,0,0,0,0,C1; C3r,"902, 1671, 2224",,
1985,2225,PG 34:3,C40H73O10P1,762.5279612,762.5279328,0.03726328,798.2750675,762.5277416,762.5282134,796.2125485,800.6460349,5,2,NA,NA,NA,NA,NA,13.62558191,6.249551679,1965922.357,2044441.077,12613,4619,29319,744.4941356,IP_DAG,PG,[M+NH4]+,34,3,0,1,0,0,0,0,1,1,0,0,0,0,C1; C3f; C3r,"2225, 2920","2225, 2226",
11028,2268,SQDG 34:5,C43H72O12S1,830.5082746,830.5086055,-0.398474017,669.6221991,830.5083036,830.5089074,669.3745786,669.8698197,0,2,NA,NA,NA,NA,40.34992576,NA,NA,368159.6795,383991.3783,15781,5029,45729,812.474449,IP_DAG,SQDG,[M+NH4]+,34,5,0,1,0,0,0,0,0,1,0,0,0,0,C1; C3r,"460, 2268, 2797",,
11044,2289,PE 28:0,C33H66N1O8P1,636.4598816,636.4599683,-0.136315098,841.6479902,636.4599341,636.4702729,840.7307856,842.4018988,3,0,NA,NA,NA,NA,NA,6.357608152,NA,0,14034.58313,8193,5193,20907,635.4526051,IP_DAG,PE,[M+H]+,28,0,0,1,0,0,0,0,1,0,0,0,0,0,C1; C3f,,"2289, 2290",
11067,2324,PG 44:6,C50H87O10P1,896.6375118,896.6374087,0.115008528,1084.277521,896.6343581,896.6404592,1080.546601,1088.008442,2,0,NA,NA,245.3139836,NA,NA,NA,NA,0,0,19426,5336,32439,878.6036862,IP_DAG,PG,[M+NH4]+,44,6,0,1,0,0,0,0,1,0,0,0,0,0,C1; C3f,,"2324, 2325",
2192,2344,SQDG 44:5,C53H92O12S1,970.6647754,970.6659254,-1.184731808,1041.939852,970.6656225,970.6662283,1038.647732,1045.231973,2,0,NA,NA,NA,NA,NA,33.82394727,18.39873417,0,0,23156,5475,48759,952.6309498,IP_DAG,SQDG,[M+NH4]+,44,5,0,1,0,0,0,1,0,1,0,0,0,0,C1; C3c; C3r,"473, 2344",,"2343, 2344"
11193,2503,MGDG 40:0,C49H94O10,860.7185256,860.7189673,-0.513243978,1210.828091,860.7189664,860.7189682,1209.854151,1211.802031,2,0,NA,NA,NA,NA,NA,4.823835125,NA,0,0,17487,6537,54505,842.6847,IP_DAG,MGDG,[M+NH4]+,40,0,0,1,0,0,0,0,1,0,0,0,0,0,C1; C3f,,"2503, 2504",
11262,2586,SQDG 36:6,C45H74O12S1,856.5239247,856.5238345,0.105302305,726.8792442,856.5236809,856.523988,725.3313535,728.4271349,2,0,NA,NA,927.4821547,NA,62.98423459,NA,NA,36134.37571,15266.98913,17218,7065,46329,838.4900991,IP_DAG,SQDG,[M+NH4]+,36,6,0,1,0,0,0,0,0,1,0,0,0,0,C1; C3r,"54, 1352, 2586",,
11295,2630,MGDG 44:5,C53H92O10,906.7028755,906.7036121,-0.81237433,1060.888756,906.7034796,906.7097865,1060.70273,1070.396085,3,0,NA,NA,NA,NA,NA,30.65670333,22.49417544,0,0,19963,7326,55680,888.6690499,IP_DAG,MGDG,[M+NH4]+,44,5,0,1,0,0,0,0,1,0,0,0,0,0,C1; C3f,,"2630, 2631",
11303,2641,SQDG 44:4,C53H94O12S1,972.6804255,972.6824174,-2.047820707,1055.289363,972.6824003,972.6824344,1051.891649,1058.687078,2,0,NA,NA,NA,NA,NA,86.46449453,24.93127324,0,0,23254,7372,48729,954.6465999,IP_DAG,SQDG,[M+NH4]+,44,4,0,1,0,0,0,0,0,0,0,0,0,0,C1,,,
11333,2670,SQDG 32:5,C41H68O12S1,802.4769744,802.4770855,-0.13834498,622.9331433,802.4768552,802.4930789,622.182825,626.5301922,6,0,NA,NA,489.1237684,NA,30.49692377,NA,NA,0,0,14376,7637,45189,784.4431489,IP_DAG,SQDG,[M+NH4]+,32,5,0,1,0,0,0,0,0,1,0,0,0,0,C1; C3r,"762, 1450, 2670",,
11337,2675,PG 42:11,C48H73O10P1,858.5279612,858.5277176,0.283821061,626.8678986,858.5276067,858.5278624,625.739698,629.0610479,4,0,NA,NA,NA,NA,82.47980447,NA,NA,0,0,17350,7641,31959,840.4941356,IP_DAG,PG,[M+NH4]+,42,11,0,1,0,0,0,0,1,1,0,0,0,0,C1; C3f; C3r,"461, 2675","2675, 2676",
11339,2678,PG 34:5,C40H69O10P1,758.4966611,758.4968766,-0.284230534,630.1386287,758.4968256,758.4969277,629.1570417,631.1202157,2,0,NA,NA,NA,NA,NA,8.894826749,NA,0,0,12445,7646,29379,740.4628355,IP_DAG,PG,[M+NH4]+,34,5,0,1,0,0,0,0,1,1,0,0,0,0,C1; C3f; C3r,"364, 609, 2678","2678, 2679",
11345,2686,SQDG 34:6,C43H70O12S1,828.4926245,828.4927083,-0.101068621,633.6653864,828.4922031,828.4935086,623.9828024,642.9936294,7,2,NA,NA,81.88739924,NA,39.72367181,NA,NA,828883.5553,975188.3322,15678,7655,45759,810.4587989,IP_DAG,SQDG,[M+NH4]+,34,6,0,1,0,0,0,0,0,1,0,0,0,0,C1; C3r,"2686, 2795",,
11379,2727,DGDG 34:8,C49H76O15,922.5522479,922.5545301,-2.473782219,629.6339566,922.5515871,922.5555479,626.5301922,638.22184,5,0,NA,NA,188.5644612,NA,NA,57.83174787,37.95147655,0,0,20804,7840,9152,904.5184223,IP_DAG,DGDG,[M+NH4]+,34,8,0,1,0,0,0,0,0,0,0,0,0,0,C1,,,
11426,2777,PG 36:3,C42H77O10P1,790.5592614,790.559132,0.163626084,884.7103981,790.5590659,790.5591981,884.498235,884.9225612,2,0,NA,NA,NA,NA,NA,65.28879049,41.95744881,0,0,13847,8193,29889,772.5254358,IP_DAG,PG,[M+NH4]+,36,3,0,1,0,0,0,0,1,1,0,0,0,0,C1; C3f; C3r,"336, 2777","2777, 2778",
11431,2785,PC 38:7,C46H78N1O8P1,804.5537821,804.5524308,1.679499395,914.7238025,804.5523902,804.5524714,914.6283265,914.8192785,2,0,80.73364342,81.00982297,NA,NA,NA,NA,NA,18072.43144,0,14484,8220,37827,803.5465056,IP_DAG,PC,[M+H]+,38,7,0,1,0,0,0,0,0,1,0,0,0,0,C1; C3r,"245, 2785",,
11463,2827,SQDG 40:8,C49H78O12S1,908.5552248,908.5529913,2.458337924,917.6049248,908.5529385,908.5530441,916.6316873,918.5781623,2,0,NA,NA,NA,NA,NA,5.877528434,NA,0,0,20065,8387,47589,890.5213993,IP_DAG,SQDG,[M+NH4]+,40,8,0,1,0,0,0,0,0,0,0,0,0,0,C1,,,
11521,2892,SQDG 38:2,C47H86O12S1,892.6178252,892.6175096,0.353492934,951.4424056,892.617501,892.6175183,951.3660103,951.5188009,2,0,NA,NA,NA,30.22405714,107.5292328,NA,NA,0,0,19229,9118,46809,874.5839996,IP_DAG,SQDG,[M+NH4]+,38,2,0,1,0,0,0,0,0,1,0,0,0,0,C1; C3r,"1581, 1981, 2892",,
11536,2910,DGTS_DGTA 40:10,C50H77N1O7,804.5772809,804.5767264,0.689147708,783.2303184,804.5764858,804.5769671,782.6179141,783.8427228,2,0,NA,NA,NA,NA,31.70962885,NA,NA,0,0,14488,9321,17276,803.5700044,IP_DAG,DGTS_DGTA,[M+H]+,40,10,0,1,0,0,0,1,0,0,0,0,0,0,C1; C3c,,,"2910, 2911"
11543,2920,PG 34:3,C40H73O10P1,762.5279612,762.5285483,-0.769917152,754.4820325,762.5283681,762.5285851,753.178785,754.679553,3,0,NA,NA,NA,NA,NA,4.893827296,NA,0,0,12614,9403,29319,744.4941356,IP_DAG,PG,[M+NH4]+,34,3,0,1,0,0,0,0,1,1,0,0,0,0,C1; C3f; C3r,"2225, 2920","2920, 2921",
11579,2967,MGDG 42:3,C51H92O10,882.7028755,882.7032626,-0.438586382,1072.042,882.7023404,882.7044979,1064.438341,1081.504054,4,1,NA,NA,NA,NA,NA,4.951715196,NA,0,3025859.173,18685,9820,55105,864.6690499,IP_DAG,MGDG,[M+NH4]+,42,3,0,1,0,0,0,0,1,1,0,0,0,0,C1; C3f; C3r,"1812, 2841, 2967","2967, 2968",
11647,3051,SQDG 36:1,C45H84O12S1,866.6021751,866.6021429,0.037190982,944.5925507,866.6021118,866.6021739,944.4774896,944.7076119,2,0,NA,NA,NA,32.11774163,112.86697,NA,NA,0,0,17782,10327,46179,848.5683495,IP_DAG,SQDG,[M+NH4]+,36,1,0,1,0,0,0,0,0,0,0,0,0,0,C1,,,
11654,3061,DGDG 34:4,C49H84O15,930.6148483,930.6147384,0.118044284,942.6105751,930.6145329,930.6149439,941.5853828,943.6357674,2,0,NA,NA,NA,NA,NA,16.70646411,12.00302008,0,0,21216,10361,9052,912.5810227,IP_DAG,DGDG,[M+NH4]+,34,4,0,1,0,0,0,0,0,1,0,0,0,0,C1; C3r,"493, 660, 2525, 3061",,
11667,3076,SQDG 24:3,C33H56O12S1,694.383074,694.3830588,0.021897749,693.9386859,694.3830466,694.3830709,693.1673951,694.7099767,2,0,NA,NA,NA,NA,NA,13.15654921,11.90516913,0,0,10041,10621,43449,676.3492484,IP_DAG,SQDG,[M+NH4]+,24,3,0,1,0,0,0,0,0,0,0,0,0,0,C1,,,
11685,3097,PG 44:12,C50H75O10P1,884.5436113,884.5432971,0.355182448,710.5009085,884.5432908,884.5619716,701.7808325,711.2664736,3,0,NA,NA,NA,NA,NA,7.287468325,NA,0,0,18776,10715,32619,866.5097857,IP_DAG,PG,[M+NH4]+,44,12,0,1,0,0,0,0,1,1,0,0,0,0,C1; C3f; C3r,"1389, 3097","3097, 3098",
11694,3109,PG 36:7,C42H69O10P1,782.4966611,782.4965327,0.164038533,647.5467496,782.4963713,782.4967383,644.8085045,650.5572264,3,0,NA,NA,79.93100587,NA,NA,NA,NA,0,0,13459,10823,30009,764.4628355,IP_DAG,PG,[M+NH4]+,36,7,0,1,0,0,0,0,1,1,0,0,0,0,C1; C3f; C3r,"66, 1272, 3109","3109, 3110",
11756,3202,SQDG 36:9,C45H68O12S1,850.4769744,850.476836,0.162763572,589.8730664,850.4767465,850.4772446,588.3197974,590.4911557,5,0,NA,NA,2289.385228,68.38317241,238.9687696,NA,NA,0,0,16855,11335,46419,832.4431489,IP_DAG,SQDG,[M+NH4]+,36,9,0,1,0,0,0,0,0,0,0,0,0,0,C1,,,
2340,3210,SQDG 38:10,C47H70O12S1,876.4926245,876.4943386,-1.955562507,563.9255981,876.4940088,876.4946683,563.1059626,564.7452336,2,0,NA,NA,NA,NA,NA,7.48704856,NA,0,0,18315,11360,47049,858.4587989,IP_DAG,SQDG,[M+NH4]+,38,10,0,1,0,0,0,1,0,1,0,0,0,0,C1; C3c; C3r,"1191, 3210",,"3209, 3210"
11776,3226,PC 30:5,C38H66N1O8P1,696.4598816,696.4599894,-0.1548387,770.6669532,696.4599509,696.4600279,770.2088179,771.1250884,2,0,NA,NA,NA,NA,NA,5.834394323,NA,0,0,10103,11583,35952,695.4526051,IP_DAG,PC,[M+H]+,30,5,0,1,0,0,0,0,0,0,0,0,0,0,C1,,,
11818,3270,PC 36:8,C44H72N1O8P1,774.5068318,774.5071154,-0.366112026,713.5492817,774.5066942,774.5074208,708.156771,718.425184,7,0,NA,NA,NA,NA,51.39902654,NA,NA,0,0,13110,12628,37352,773.4995554,IP_DAG,PC,[M+H]+,36,8,0,1,0,0,0,0,0,0,0,0,0,0,C1,,,
11878,3346,PC 36:3,C44H82N1O8P1,784.5850822,784.5851781,-0.122209951,962.9484506,784.5849817,784.5852866,962.6040047,969.6387056,4,0,NA,NA,NA,NA,NA,38.73378516,23.52591884,0,0,13577,13096,37227,783.5778058,IP_DAG,PC,[M+H]+,36,3,0,1,0,0,0,0,0,1,0,0,0,0,C1; C3r,"1507, 3346",,
11899,3372,SQDG 38:4,C47H82O12S1,888.586525,888.5861678,0.401996923,1011.697592,888.5856572,888.5913112,1011.420362,1020.258827,3,0,NA,NA,31.1360382,NA,NA,NA,NA,0,0,19008,13282,46869,870.5526994,IP_DAG,SQDG,[M+NH4]+,38,4,0,1,0,0,0,0,0,0,0,0,0,0,C1,,,